id,first_name,last_name,email,gender,salary,creationDate,bonus
1,Valene,Ingley,vingley0@livejournal.com,Female,44104,1957-09-09 16:44:40,
2,Lynnelle,Hurll,lhurll1@answers.com,Female,112411,1907-05-10 17:38:56,
3,Miranda,Train,mtrain2@imgur.com,Female,91073,1941-01-24 16:05:23,12875.54
4,Dulsea,Foss,dfoss3@dagondesign.com,Female,193291,1942-05-09 20:59:39,
5,Anatol,Dunklee,adunklee4@google.de,Male,22175,1950-07-26 16:28:00,1432.12
6,Baily,Antony,bantony5@sfgate.com,Male,127337,1913-10-14 11:25:33,
7,Eunice,Cardus,ecardus6@scientificamerican.com,Female,136574,1901-11-02 15:09:47,38676.94
8,Aubrette,Lippett,alippett7@nifty.com,Female,165713,1919-12-16 08:20:42,60150.66
9,Sibylla,Sickamore,ssickamore8@facebook.com,Female,107243,2020-03-15 15:00:30,
10,,Altree,paltree9@dropbox.com,Female,197594,1975-06-21 23:27:12,72533.37
11,Coop,Richt,crichta@sogou.com,Male,19964,1939-02-13 16:18:24,56973.41
12,Giuseppe,Scimoni,gscimonib@craigslist.org,Male,176531,1967-04-06 07:23:03,
13,Lovell,Iorizzo,liorizzoc@cpanel.net,Male,189150,1949-06-06 16:25:20,41474.8
14,Deb,Mogra,dmograd@bbc.co.uk,Female,197829,1997-07-27 14:55:52,46528.57
15,Hastings,Jelliman,hjellimane@histats.com,Male,179296,1915-07-05 07:02:06,80194.64
16,Josee,Burnep,jburnepf@php.net,,78569,1923-11-08 20:59:14,88925.13
17,Gilly,Fownes,gfownesg@redcross.org,Female,2527,1946-07-30 21:10:57,
18,,Schruyers,lschruyersh@desdev.cn,Male,109936,1979-06-16 01:12:48,37243.09
19,Maris,Chatelain,mchatelaini@unc.edu,Female,190047,2008-01-11 17:16:21,76469.65
20,Casper,Aughtie,caughtiej@vk.com,Male,38689,1982-04-06 05:13:49,80404.8
21,Kristo,Giraudy,,Male,152116,1962-08-16 21:27:30,5982.54
22,Becki,Conry,bconryl@examiner.com,Female,10203,2003-02-07 10:00:05,47067.23
23,Edie,Orniz,eornizm@moonfruit.com,Female,81920,1982-10-03 14:48:25,20019.85
24,Sharity,Fronks,sfronksn@economist.com,Female,169527,1951-06-14 19:32:49,4960.71
25,Vally,Dahlberg,vdahlbergo@dyndns.org,Female,80628,1924-07-07 06:20:37,60914.52
26,Effie,Maffioletti,emaffiolettip@posterous.com,Female,34228,1986-03-23 12:03:27,31496.73
,Lev,Jodlowski,ljodlowskiq@addtoany.com,Male,69824,,48592.15
28,Sallyanne,Iacobucci,,Female,2339,1939-05-10 11:30:31,66003.0
29,,Nibley,,Female,165764,2019-08-30 11:23:27,93953.74
30,Gretta,,gdeleat@webeden.co.uk,Female,134143,2001-03-19 12:19:50,
31,Blayne,Yuranovev,byuranovevu@blogtalkradio.com,Male,188551,1998-07-27 11:30:51,27111.81
32,Maud,Formby,mformbyv@macromedia.com,Female,182359,1964-08-24 11:02:47,77984.03
33,,Brauninger,pbrauningerw@wired.com,Female,128821,,51592.51
34,Archer,Olland,aollandx@blogs.com,Male,178365,,78036.07
35,Barn,Guido,bguidoy@tripadvisor.com,Male,191710,,37502.75
36,Olenolin,,omaestriniz@google.pl,Male,101428,1929-09-27 09:37:46,
37,Maggee,Rablin,mrablin10@mashable.com,Female,134344,2004-10-08 01:50:46,60163.15
38,Nikki,Woolner,nwoolner11@linkedin.com,Female,3792,1942-05-13 12:11:21,21054.48
39,Daniele,Baelde,dbaelde12@who.int,Female,85612,1988-05-12 08:40:59,
40,Farlee,Fincken,ffincken13@google.co.jp,Male,126873,1937-06-14 23:34:30,58907.18
41,Hartwell,Bartholomieu,hbartholomieu14@last.fm,Male,191999,1939-03-08 00:35:08,17747.19
42,Ellery,Eixenberger,eeixenberger15@squarespace.com,Male,157758,,35763.69
43,Adams,,acrossley16@hc360.com,Male,93428,2000-09-17 08:22:15,49390.74
44,Gilemette,Lockney,glockney17@ibm.com,Female,40386,,38024.15
,Stephana,Melladew,smelladew18@aol.com,Female,,,91281.13
46,Kristoforo,Sowray,,Male,131676,1959-03-14 16:01:23,27022.26
47,Moishe,Batstone,mbatstone1a@github.io,Male,128961,1902-10-13 11:30:12,23957.62
48,Weylin,Heatly,wheatly1b@ed.gov,Male,185564,2014-10-27 22:42:51,
49,Brendin,Willcott,bwillcott1c@google.pl,Male,97378,2012-07-03 04:01:16,79157.83
50,Maggie,Pancoust,mpancoust1d@parallels.com,Female,108630,1973-07-16 06:49:27,65867.23
51,Averil,Robottham,arobottham1e@chron.com,Male,10079,2008-10-30 20:44:49,43709.37
52,Dermot,Letchford,dletchford1f@auda.org.au,Male,199484,1902-05-28 14:22:21,19573.02
53,Jermaine,Clayborn,jclayborn1g@oakley.com,Female,20034,1901-06-02 00:16:24,86427.24
54,Thurstan,Bruni,tbruni1h@ftc.gov,Male,67502,1938-03-09 17:25:48,42727.15
55,Keslie,Withur,kwithur1i@elpais.com,Female,119875,1921-08-12 07:35:34,52439.3
56,Aurea,Sell,asell1j@barnesandnoble.com,Female,188985,1985-03-13 05:22:40,91796.18
57,Abrahan,Yesinov,ayesinov1k@amazon.co.jp,Male,25523,1984-08-17 16:52:33,86347.41
58,Leigh,,lminichillo1l@twitpic.com,Female,20052,2020-04-15 20:54:14,56567.49
59,Braden,Cobson,bcobson1m@paginegialle.it,Male,70224,2000-02-23 22:54:47,15797.4
60,Artemis,Glascott,aglascott1n@xrea.com,Male,86469,1955-12-09 01:29:30,85393.79
61,Britt,,bbrimilcombe1o@nba.com,Female,39787,1954-09-12 05:45:16,20968.38
,Lillian,,lcotsford1p@ning.com,Female,146590,,89071.5
63,Dede,Tolliday,dtolliday1q@time.com,Female,95890,2004-01-21 08:40:30,6285.56
64,Cordell,Baszkiewicz,,Male,89429,1998-04-26 03:44:59,50640.06
65,Ali,Digance,adigance1s@nydailynews.com,Female,190919,1925-03-07 09:09:22,74229.58
66,Babita,,bohickey1t@mit.edu,Female,,1930-04-18 10:11:20,33687.28
67,Aloise,Brombell,,Female,51529,1987-02-16 16:02:18,
,Shurlocke,Deaton,sdeaton1v@zimbio.com,Male,106416,1980-12-05 19:20:05,71722.91
,Joe,Kilbee,jkilbee1w@dedecms.com,Male,147066,1912-10-21 01:47:26,63886.43
70,Lianne,Boam,,Female,13695,1981-04-08 20:31:44,
71,Stephana,Van Merwe,svanmerwe1y@de.vu,Female,152649,,31465.01
72,Elmo,Polding,epolding1z@princeton.edu,,180688,1903-09-06 22:25:36,59278.96
73,Elly,Demaid,edemaid20@blog.com,Female,173319,2006-04-26 02:03:57,72090.96
74,Chrystal,Bach,cbach21@liveinternet.ru,Female,105551,1943-01-04 10:46:28,18256.5
75,Allina,Sposito,asposito22@japanpost.jp,Female,130641,1925-01-10 03:12:07,
76,Camey,Crallan,ccrallan23@earthlink.net,Male,147297,1911-07-25 23:37:49,
77,Robbert,Cavy,rcavy24@cbsnews.com,Male,,,54759.88
78,Jillian,Chasmar,,Female,18805,2019-01-07 02:06:41,93412.65
79,Alvan,Helsby,ahelsby26@people.com.cn,Male,19321,2001-08-06 15:41:27,30361.98
80,,Adney,cadney27@sfgate.com,Male,,1934-11-09 01:47:38,23219.27
81,Amity,Cauley,acauley28@miitbeian.gov.cn,Female,139251,1978-01-25 09:49:48,35265.62
82,Bekki,Shopcott,bshopcott29@hexun.com,Female,57186,1973-07-03 08:45:40,56144.88
83,Tiphanie,Maylor,tmaylor2a@feedburner.com,Female,73236,1989-01-09 06:42:33,56064.91
84,Meredith,Branwhite,mbranwhite2b@w3.org,Female,109873,1926-09-22 09:23:17,21334.37
85,,Learmouth,slearmouth2c@ebay.com,Female,60028,,
86,Nadeen,Kynforth,nkynforth2d@tamu.edu,Female,159072,1949-12-22 04:48:52,62716.27
87,Ambur,O'Suaird,aosuaird2e@state.gov,Female,161509,1975-09-11 01:52:46,91921.31
88,Pincus,MacEnelly,pmacenelly2f@dell.com,Male,25021,1976-02-14 19:36:40,76245.6
89,Gerome,Keattch,gkeattch2g@addthis.com,Male,103691,1903-10-27 01:12:32,82358.82
90,Annissa,Fearby,afearby2h@t.co,Female,158968,,71009.75
91,Nicolais,Rosenfelder,nrosenfelder2i@pcworld.com,Male,70478,,
92,Arman,Pendre,apendre2j@pbs.org,Male,138218,1922-02-24 21:14:54,39730.6
93,Buddie,Langman,blangman2k@ca.gov,Male,133565,1947-01-27 06:01:37,1120.37
94,Yardley,Helix,yhelix2l@alexa.com,Male,9142,,29067.57
95,Davey,Woodworth,,Male,8569,2000-05-24 18:03:02,92849.24
96,Katrina,Snoxall,ksnoxall2n@buzzfeed.com,Female,16459,1991-04-22 23:35:19,
97,Thorpe,Gabotti,,Male,167464,1982-06-30 21:33:46,8679.7
98,Joella,Edmunds,jedmunds2p@dropbox.com,Female,49283,1994-06-09 17:34:15,94776.88
,Darren,,,Male,111848,1940-11-30 02:35:02,6461.19
100,Shayna,Ealam,sealam2r@merriam-webster.com,Female,91202,1911-01-15 10:04:13,5846.0
101,Heywood,Castelijn,hcastelijn2s@patch.com,Male,132829,2021-05-24 22:45:50,23765.08
102,Reinaldos,Bowstead,rbowstead2t@booking.com,Male,31006,1994-05-24 15:06:29,33639.01
103,Robinetta,Veeler,rveeler2u@seattletimes.com,Female,183111,1902-01-14 09:58:10,83035.38
104,Ingrim,Schurig,ischurig2v@ebay.co.uk,Male,179798,1987-11-03 23:06:28,84816.1
105,Ainslie,Southby,asouthby2w@studiopress.com,Female,139651,1996-06-29 21:21:12,60812.27
106,Willamina,Tipens,wtipens2x@studiopress.com,Female,101895,1985-07-31 17:00:39,49591.52
107,Imelda,Gislebert,igislebert2y@forbes.com,Female,102901,1944-03-30 04:57:35,20451.02
108,Hall,Armand,harmand2z@discovery.com,Male,101117,,74931.58
109,Laure,,llarrat30@prnewswire.com,Female,101537,1957-08-02 20:43:17,75689.94
110,Ted,Shingler,tshingler31@cnn.com,Female,17444,1932-07-25 17:46:29,1167.49
111,Andriana,Thacke,athacke32@vinaora.com,Female,,1905-08-30 11:42:20,50726.43
112,Hobie,Surridge,hsurridge33@nature.com,Male,177924,1936-09-12 00:31:53,83681.26
113,Marketa,Kleyn,mkleyn34@pinterest.com,Female,17465,1942-10-05 04:07:22,26319.89
114,Hadrian,Emma,hemma35@booking.com,Male,62794,2023-03-24 14:50:38,75485.86
115,Gianina,,gbaylay36@google.com.hk,Female,183838,1998-08-12 08:42:45,87938.94
116,,Jados,,Male,56578,2002-05-29 06:33:36,
117,Chase,Jacks,cjacks38@sbwire.com,Male,135930,1949-01-30 07:05:06,27557.84
118,Karalynn,Scones,kscones39@weibo.com,Female,180007,,
119,Agneta,Boam,aboam3a@ask.com,Female,7959,1952-09-09 09:20:40,52832.42
120,Gerek,Holberry,gholberry3b@jugem.jp,Male,131807,1988-09-05 02:07:18,26810.31
121,Tristam,Sandhill,tsandhill3c@squidoo.com,Male,7634,1930-01-24 01:26:10,17641.17
122,Lorianna,Lambert-Ciorwyn,llambertciorwyn3d@nhs.uk,Female,120754,1905-10-10 02:13:18,84001.04
123,Malchy,Whitefoot,,Male,28052,1918-08-05 15:45:12,39117.02
124,Alvy,Delbergue,adelbergue3f@feedburner.com,Male,27766,1973-02-07 12:37:16,81525.63
125,Mallissa,Gillespey,mgillespey3g@goo.ne.jp,Female,187260,1978-09-03 10:25:10,
126,Tessy,Vokins,tvokins3h@eepurl.com,Female,71771,1981-11-08 22:43:34,17657.58
127,Basile,Erickson,berickson3i@csmonitor.com,Male,161183,,44534.16
128,Devlin,Skentelbury,dskentelbury3j@wikia.com,Male,137717,1937-05-27 13:32:04,70081.36
129,,Biggam,obiggam3k@usda.gov,Male,30012,1948-02-19 23:23:11,
130,Eldon,Faires,efaires3l@w3.org,Male,153915,1955-08-14 02:10:16,30667.89
131,Linell,Triswell,ltriswell3m@vk.com,Female,156567,1990-08-29 06:31:40,73594.16
132,Raymund,Aleixo,raleixo3n@ihg.com,Male,175973,2001-10-30 03:35:02,19416.57
,Eolanda,Antalffy,eantalffy3o@pen.io,Female,38260,1995-04-15 11:30:57,29464.72
134,Lonnard,Gillson,lgillson3p@webnode.com,Male,44131,1991-03-06 04:30:56,43496.79
135,Shepperd,Ferrieroi,sferrieroi3q@deviantart.com,Male,127947,1958-06-28 19:39:05,
136,Forster,Streatfeild,fstreatfeild3r@topsy.com,Male,83899,1953-06-05 22:30:12,12790.21
,Maddie,,mdorro3s@tamu.edu,Male,80998,1950-09-05 17:19:40,80741.62
138,Clarisse,Gemmill,cgemmill3t@cnet.com,Female,120336,1990-05-17 12:42:04,92904.85
139,Shaun,Morphey,smorphey3u@bloglovin.com,Male,108053,1912-01-16 11:32:44,
140,Gaelan,Trail,gtrail3v@163.com,Male,55120,1950-06-23 02:40:40,
141,Emmeline,Hullett,ehullett3w@abc.net.au,,172454,1973-02-18 08:07:02,96907.76
142,Erv,Griggs,,Male,144655,2007-11-09 22:05:38,95251.8
143,Benito,Seamen,bseamen3y@jigsy.com,Male,6716,1981-06-27 07:58:13,
144,Con,Burkin,cburkin3z@icio.us,Female,72198,1967-04-17 01:16:32,69140.97
145,Adele,Taylot,,Female,,1968-01-14 05:31:32,
146,Amargo,Tresvina,,Female,185482,1962-04-26 20:02:19,45135.71
147,Garreth,Dolder,gdolder42@amazon.com,Male,173639,1973-04-06 04:03:25,25892.81
148,Ulrika,Pashbee,upashbee43@engadget.com,Female,146319,1904-07-11 09:47:50,35213.68
149,Barnabe,Minget,bminget44@jiathis.com,Male,46335,2013-06-24 21:49:52,57513.21
150,Marys,Enticknap,menticknap45@sina.com.cn,Female,98237,1981-04-18 23:37:10,16654.75
151,Bibbie,Daverin,bdaverin46@imdb.com,Female,97893,2003-07-24 09:59:45,46615.02
152,Lorrin,Stopford,,Female,53416,1918-07-11 08:09:31,94705.56
153,Jozef,Drewes,jdrewes48@wikispaces.com,Male,16803,1949-04-30 12:53:34,54789.31
154,Else,Bernade,ebernade49@mapquest.com,Female,185008,1926-10-21 05:18:35,6977.89
155,Renard,Fullom,rfullom4a@networksolutions.com,Male,125663,1905-04-01 04:58:34,
156,Mathew,Yegorkov,myegorkov4b@hatena.ne.jp,Male,124231,1974-11-11 15:32:42,82271.49
157,Denney,Stalf,dstalf4c@tuttocitta.it,Male,149895,1966-06-10 17:08:44,
158,Nate,Imrie,nimrie4d@hud.gov,Male,,1928-07-07 02:02:02,
159,Amalie,Tomblin,atomblin4e@eepurl.com,Female,159917,1998-01-28 12:15:08,83375.38
160,Swen,Hinrichsen,shinrichsen4f@blinklist.com,Male,88408,1902-07-19 14:18:12,98721.92
161,Baldwin,Coch,bcoch4g@so-net.ne.jp,Male,45032,1999-05-01 23:05:24,65320.0
162,Sandor,Minster,sminster4h@weather.com,Male,188112,1925-10-12 10:41:36,2977.79
163,Jeffrey,Sugars,,Male,112937,1978-08-15 19:03:34,92001.92
164,Ingram,De La Cote,idelacote4j@woothemes.com,Male,45991,1923-02-13 09:20:15,59461.98
165,Kirk,Haddon,,Male,46136,1975-07-12 23:15:40,68143.38
166,Constance,Brackstone,cbrackstone4l@java.com,Female,145714,1936-08-07 04:16:17,
167,Bobette,Gandley,bgandley4m@paginegialle.it,Female,188691,1931-06-14 12:42:54,49596.41
168,Lilias,,lcolling4n@devhub.com,Female,103513,2007-09-26 18:02:32,92866.97
169,Jamesy,Gilby,,Male,153493,1971-01-28 04:00:18,27030.09
170,Wes,Lefeuvre,wlefeuvre4p@amazon.co.jp,Male,59702,,76938.46
171,Mendy,Langelaan,mlangelaan4q@bigcartel.com,Male,180783,1908-08-15 18:48:42,
172,Ruthi,Posner,rposner4r@cmu.edu,Female,160538,1964-12-22 14:56:04,11971.7
173,Kori,Bourne,kbourne4s@miitbeian.gov.cn,Female,96432,1971-10-24 21:24:58,8896.36
174,Arleyne,Chant,achant4t@mit.edu,Female,5902,2020-10-19 09:44:37,69630.15
175,Ivory,Butterick,ibutterick4u@ucla.edu,Female,85447,1985-02-09 08:06:12,60614.86
176,Morganne,Cawker,mcawker4v@omniture.com,Female,194847,1907-08-04 17:08:51,19822.6
177,Montague,Wroth,mwroth4w@amazon.co.jp,Male,195991,1971-09-08 16:39:37,27070.46
178,Tirrell,Castlake,tcastlake4x@flickr.com,Male,145007,,88040.71
179,Shayna,Craythorne,scraythorne4y@bravesites.com,Female,21069,1947-10-28 14:03:04,
180,Alwyn,Fitt,afitt4z@edublogs.org,Male,66251,,52693.11
181,Clareta,Grishukov,,Female,191748,1979-07-21 02:56:00,80877.97
182,Tremayne,Beers,tbeers51@imgur.com,,182456,1914-02-11 19:36:47,
183,Osbourn,Marrington,omarrington52@fastcompany.com,Male,31277,,78253.65
184,Lynn,Witnall,lwitnall53@webnode.com,Male,138227,1985-11-23 02:27:14,73273.66
185,Jocko,Boyington,jboyington54@chron.com,Male,112842,,21712.37
186,Tamara,Pursglove,tpursglove55@slideshare.net,Female,41748,1908-09-18 18:27:38,45388.68
187,Nichole,Gouldstone,ngouldstone56@taobao.com,Female,29265,1961-06-07 04:05:08,7354.63
188,Lotta,Rignall,lrignall57@printfriendly.com,Female,78360,1962-12-11 23:53:36,70725.08
189,Gwenni,Bullene,gbullene58@dot.gov,Female,104205,1923-06-13 08:58:39,28304.13
190,Dalston,Fielden,dfielden59@newyorker.com,Male,47936,1981-11-07 01:34:08,81713.81
191,Ingram,,imaffy5a@ted.com,Male,2146,1944-06-26 05:12:42,78815.04
192,Cirillo,Tennet,ctennet5b@tuttocitta.it,Male,83649,1910-10-23 02:07:16,88385.23
193,Ivett,Tampion,itampion5c@hud.gov,Female,186971,1964-11-02 18:30:39,62125.95
194,Ewen,Castledine,ecastledine5d@narod.ru,Male,147277,1976-01-31 00:21:59,71985.95
195,Elaine,Haston,ehaston5e@seattletimes.com,Female,86020,1992-03-16 10:49:55,
196,Jeanne,Rearie,jrearie5f@marriott.com,Female,104483,2011-04-16 15:51:52,
197,April,Wyllis,awyllis5g@simplemachines.org,Female,169845,,95643.86
198,,Caulier,ccaulier5h@booking.com,Female,90948,,
199,Lovell,Ingall,lingall5i@so-net.ne.jp,Male,125216,1974-10-01 23:30:52,99932.43
200,Tuckie,Ledster,tledster5j@ovh.net,Male,57201,1949-11-13 22:12:25,26717.68
201,Ki,Gammill,kgammill5k@mayoclinic.com,Female,158876,,85101.52
202,Junia,Petrovsky,jpetrovsky5l@cdc.gov,Female,76268,1993-10-02 03:32:57,12547.89
203,Gaye,Huggens,ghuggens5m@topsy.com,Female,197613,,33193.37
204,Annora,Sarll,asarll5n@oracle.com,Female,117198,1984-12-13 04:50:25,52265.79
205,Vaclav,Gravenor,vgravenor5o@reference.com,Male,12615,1951-07-21 10:11:01,39998.1
206,Aland,Shirt,ashirt5p@weebly.com,Male,132626,1996-08-28 19:40:17,62383.51
207,Aurilia,Cockshott,acockshott5q@blogger.com,Female,103188,1972-11-03 14:56:18,
208,Kenna,,kshipman5r@about.me,Female,183771,2011-01-14 14:32:09,46071.84
209,Lynnet,Walbrook,lwalbrook5s@eepurl.com,Female,44478,1977-01-23 22:45:54,3824.88
210,Glenn,Richardt,grichardt5t@mayoclinic.com,Male,178363,1922-11-24 12:45:13,
211,Fergus,Sidey,fsidey5u@t.co,Male,114890,1942-07-04 09:09:44,9579.74
212,Bryana,Pettican,bpettican5v@is.gd,Female,91062,1963-01-30 22:23:09,74084.94
213,,Achrameev,sachrameev5w@chron.com,Female,139198,1955-10-21 18:21:00,12049.78
214,Chucho,Stallion,cstallion5x@prlog.org,Male,105727,1973-01-23 10:55:01,21006.01
215,Krispin,Flear,kflear5y@imdb.com,Male,119445,2017-11-22 08:36:16,81101.16
216,Gherardo,Danieli,gdanieli5z@pen.io,Male,47208,1972-10-06 14:14:12,
217,Tremain,Hurry,thurry60@foxnews.com,Male,63949,2019-10-18 03:18:01,51129.56
218,Haleigh,Karmel,hkarmel61@foxnews.com,Male,103986,1946-11-12 06:04:26,35072.24
219,Whitaker,Fookes,wfookes62@networksolutions.com,Male,169323,1912-01-25 08:11:22,
220,Dario,Lugsdin,dlugsdin63@jalbum.net,Male,112233,1949-08-16 09:45:00,69686.08
221,Yves,Salmoni,ysalmoni64@usatoday.com,Male,68012,1909-05-28 21:22:23,49450.76
222,Kellby,Matteini,kmatteini65@xinhuanet.com,Male,182989,1905-04-12 11:33:40,
223,,Gladstone,cgladstone66@digg.com,Female,,,15444.48
224,Sofie,Robertelli,srobertelli67@bizjournals.com,Female,,1984-12-12 17:31:59,76724.22
225,Marcel,Leopold,mleopold68@redcross.org,Male,94918,1915-05-19 09:18:07,22704.72
226,Carolin,Van Zon,cvanzon69@google.com.hk,Female,111151,1971-03-16 06:44:04,
227,Sally,Brimblecomb,sbrimblecomb6a@usgs.gov,Female,87877,1928-12-07 00:20:51,92218.81
228,Tate,Frude,tfrude6b@gnu.org,Female,157298,2004-08-17 09:08:12,23225.22
229,Devland,Andreini,dandreini6c@netscape.com,Male,167651,,43230.57
230,Hi,Chaddock,hchaddock6d@netlog.com,Male,126734,2022-06-07 06:18:48,77772.79
231,Rodney,Rihosek,rrihosek6e@forbes.com,Male,64650,1955-12-02 20:30:57,
232,Benedicta,Vanne,,Female,90587,1969-01-31 07:14:53,70896.82
233,Ekaterina,Garretts,egarretts6g@livejournal.com,Female,113027,1930-05-04 23:50:55,71893.5
234,Karoline,,kcourson6h@ebay.com,Female,10091,1990-08-08 03:40:53,37406.11
235,Mag,Mowsley,mmowsley6i@dyndns.org,Female,13698,1952-08-03 21:06:51,37809.97
236,Raphaela,Potter,rpotter6j@washington.edu,Female,53646,,69020.84
237,Mirabel,Lacer,mlacer6k@ebay.com,Female,,1918-02-04 07:16:48,
238,Ax,,agiovannelli6l@wix.com,Male,83613,2002-10-28 08:53:31,76422.77
239,Darleen,Vousden,,Female,144541,2003-06-15 14:47:55,9511.66
240,Emmy,Whitbread,ewhitbread6n@t-online.de,Male,48628,2007-12-06 17:51:07,31308.85
241,Merwyn,Frugier,mfrugier6o@google.cn,Male,,1902-06-21 20:35:21,
242,Winnah,,,Female,192656,2022-02-27 09:44:23,74489.87
243,Vicki,Reeman,vreeman6q@amazonaws.com,Female,36559,1924-04-11 03:51:24,
244,Annie,Napolitano,anapolitano6r@wikimedia.org,Female,144948,1990-12-23 13:24:58,6805.04
245,Bea,Ansteys,bansteys6s@arstechnica.com,Female,42810,2017-06-12 05:15:19,83648.95
246,Averil,Denyagin,adenyagin6t@mashable.com,Male,141053,2014-05-25 21:03:47,40877.72
247,Elisabet,Napoleon,enapoleon6u@networkadvertising.org,Female,101715,1992-02-19 14:53:52,50140.96
248,Doll,Lattin,,Female,155558,1901-06-07 01:27:41,
249,Clevie,Maestrini,cmaestrini6w@amazon.co.uk,Male,189723,1934-10-30 13:30:41,27250.31
250,Liana,Minet,lminet6x@reference.com,Female,136715,1939-09-26 23:15:32,22576.81
251,Orelie,Terzza,oterzza6y@unc.edu,Female,62783,1910-01-08 04:28:04,4192.27
252,Burch,Hargess,bhargess6z@shop-pro.jp,Male,194091,1914-11-04 08:39:08,83395.4
253,Hadleigh,Egle of Germany,hegleofgermany70@studiopress.com,Male,109865,2017-08-03 09:42:00,83446.11
254,Mose,Dobbyn,mdobbyn71@lycos.com,Male,94684,1916-01-12 08:11:02,37859.77
255,Hermina,Ruddick,hruddick72@flickr.com,Female,67936,2012-09-12 04:00:12,15660.48
256,Audra,,,Female,141926,1972-10-15 10:21:02,
257,Vicki,Huddart,vhuddart74@nifty.com,,195466,1919-05-26 14:01:12,91780.06
258,Stephannie,Deyenhardt,sdeyenhardt75@canalblog.com,Female,141422,1969-02-02 14:14:27,82315.53
259,Tam,Westmarland,twestmarland76@opera.com,Male,63923,1996-07-07 05:27:59,69590.15
260,Belia,Sired,bsired77@go.com,Female,53317,1901-02-13 18:25:49,
261,Maurine,Isaacs,misaacs78@cafepress.com,Female,11142,1954-07-23 14:19:27,76999.9
262,Elston,,epaternoster79@1688.com,Male,187591,,80362.32
263,Alair,O'Henehan,,Male,14485,,9700.29
264,Claudianus,Akenhead,cakenhead7b@columbia.edu,Male,142437,1914-03-07 17:55:57,43622.13
265,Phyllida,Laurisch,plaurisch7c@stumbleupon.com,Female,84949,1981-04-20 20:22:07,85490.7
266,Sandie,Haffard,shaffard7d@skype.com,Female,102009,,
267,Conant,Ashbridge,cashbridge7e@list-manage.com,Male,11371,2001-12-07 08:01:32,25724.05
268,Gregorio,Castro,gcastro7f@meetup.com,Male,114274,1937-06-25 08:13:41,44249.76
269,Charlot,Rawlins,crawlins7g@vinaora.com,Female,127676,,8984.57
270,Alysa,Life,alife7h@google.pl,Female,34281,2000-10-17 01:24:14,15938.72
271,Bess,Linscott,blinscott7i@jiathis.com,Female,866,1902-07-27 03:09:50,
272,,Beavon,cbeavon7j@twitpic.com,Male,5943,2002-01-06 14:31:07,13197.61
273,Binni,Bestar,bbestar7k@paypal.com,Female,89590,1902-12-30 22:27:18,
274,Arturo,Sirette,asirette7l@goodreads.com,Male,95609,1953-10-06 08:04:13,40502.43
275,Carry,Dover,,Female,125806,1921-01-20 10:22:14,15114.61
276,Frazier,Macieiczyk,fmacieiczyk7n@desdev.cn,Male,5478,1907-03-11 14:36:37,52278.23
277,Belle,Rosson,brosson7o@myspace.com,Female,183940,1921-02-22 18:05:43,
278,Winslow,Estcourt,westcourt7p@addtoany.com,Male,34204,1923-01-15 06:51:06,12143.18
279,Joeann,Stenner,jstenner7q@google.cn,Female,61864,1939-05-18 16:17:25,64712.2
280,Orin,Axten,oaxten7r@nbcnews.com,Male,,1983-04-22 13:33:24,72797.45
281,Tomkin,Kuhne,tkuhne7s@tmall.com,Male,113561,1989-09-02 00:17:08,4547.14
282,Anet,Christoffe,achristoffe7t@biglobe.ne.jp,Female,8547,1940-05-25 14:07:59,30896.47
283,Olly,Bundock,,Male,56027,1963-07-24 06:07:00,3645.22
284,Shurlocke,Tante,stante7v@artisteer.com,Male,54604,2007-06-12 00:38:06,46176.05
285,Jolie,Deble,,Female,,1959-01-15 15:25:03,93432.65
286,,Craythorne,ccraythorne7x@skype.com,Male,2579,1998-02-27 06:48:11,
287,Dorthea,,dlahive7y@globo.com,Female,65238,2015-09-26 03:08:44,3677.69
288,Hadleigh,Pigny,hpigny7z@ucsd.edu,Male,55683,1960-08-15 10:10:52,25249.92
289,Rog,Leyman,rleyman80@eventbrite.com,Male,78505,1907-06-10 16:00:36,54676.07
290,Constantine,Woofendell,cwoofendell81@ebay.com,Female,196730,1922-12-14 11:55:17,10408.26
291,Kaitlyn,Riseley,kriseley82@craigslist.org,Female,36917,1988-12-26 21:14:54,14073.07
292,,Hayesman,hhayesman83@livejournal.com,Female,77272,1935-06-17 01:30:32,56077.96
293,Allison,O'Kerin,aokerin84@hao123.com,Female,142792,2001-05-07 17:13:50,51894.56
294,Nowell,Volke,nvolke85@comsenz.com,Male,45916,2009-12-09 14:29:44,27969.57
295,,Luis,cluis86@networksolutions.com,Male,107127,1952-12-28 05:03:06,14076.34
296,Ruthy,Cartmail,rcartmail87@cnbc.com,,141158,1988-02-04 01:48:52,95936.58
297,Holmes,Cases,hcases88@google.es,Male,134647,1903-07-06 15:08:08,90657.18
298,Lawrence,Aldine,laldine89@google.ru,Male,149934,1901-12-13 08:00:54,8214.18
299,Sloan,Dyet,sdyet8a@ocn.ne.jp,Male,90191,1933-07-09 16:28:30,5539.18
300,Mandie,Renoden,mrenoden8b@time.com,Female,62433,1975-10-16 21:51:20,10272.5
301,Sabina,,sstarkings8c@diigo.com,Female,150768,1927-04-19 20:33:07,96683.91
302,Kylen,Lugard,klugard8d@dell.com,Female,32081,1948-04-09 23:34:17,
303,Amaleta,Tulloch,,Female,78070,1922-09-23 22:46:46,
304,Mano,Johnsee,mjohnsee8f@dedecms.com,Male,8191,2006-08-29 03:39:00,24024.04
305,Sara,Coughtrey,scoughtrey8g@si.edu,Female,105509,1930-10-18 08:55:25,76932.91
306,Leola,,lcowland8h@shop-pro.jp,Female,79939,2009-04-30 01:45:48,
307,Alphonse,Guilayn,aguilayn8i@comcast.net,Male,3927,1959-10-25 13:28:57,
308,Trix,Roder,troder8j@usda.gov,Female,85305,1945-05-05 20:48:08,
309,Adelice,Briffett,abriffett8k@wix.com,Female,84968,1905-01-12 23:12:08,20162.01
310,Frederick,Janz,fjanz8l@nature.com,Male,71254,1933-03-23 07:32:42,1725.19
311,Armstrong,,agasparro8m@so-net.ne.jp,Male,99037,1988-10-29 00:44:03,76258.76
312,Toiboid,Kellington,,Male,32311,,33113.41
313,Molly,Tomkies,mtomkies8o@vimeo.com,Female,173690,1991-07-20 00:14:34,22919.12
314,Ava,,acanacott8p@vk.com,Female,12116,1965-10-25 09:37:48,73818.89
315,Anneliese,Marcoolyn,amarcoolyn8q@nsw.gov.au,Female,185184,,48797.6
316,Abramo,Mandry,amandry8r@state.gov,Male,7621,1917-10-21 20:01:02,
317,Ernestus,Najafian,,Male,188705,1995-02-06 20:18:23,88905.58
318,,Roggers,mroggers8t@woothemes.com,Female,39966,2009-10-10 05:03:20,77155.89
319,Helen-elizabeth,McGrayle,hmcgrayle8u@addthis.com,Female,32659,,22141.52
320,Alvinia,Sorel,asorel8v@reverbnation.com,Female,89057,1923-04-19 11:43:03,68472.37
321,,Leap,xleap8w@disqus.com,Male,149799,1953-08-23 02:20:16,87588.95
322,Bellina,Adolfsen,,Female,43796,1969-06-08 10:34:02,91227.24
323,Christye,Funnell,cfunnell8y@purevolume.com,Female,89307,2001-11-14 05:49:58,
324,Aigneis,Canavan,acanavan8z@mit.edu,Female,84721,1913-10-05 22:51:28,49213.31
325,Jaymie,Vasyaev,jvasyaev90@sogou.com,Male,192701,1934-10-27 23:35:56,11892.54
326,Marin,Hacquard,mhacquard91@ustream.tv,Female,12476,,63003.3
327,Lethia,Cottu,lcottu92@reference.com,Female,171148,1921-05-24 09:40:56,95162.64
328,Ange,,amackenzie93@homestead.com,Female,193575,2020-06-24 00:24:01,
329,Dyan,Garrie,dgarrie94@facebook.com,Female,121593,,90162.02
330,Godwin,,gbott95@umich.edu,Male,132723,1966-12-25 01:32:14,
331,Burch,Fowell,bfowell96@rakuten.co.jp,Male,128119,1923-04-05 01:34:22,74196.82
332,Vern,Marshal,,Male,26699,2016-02-03 09:02:57,97390.52
333,,Melross,tmelross98@privacy.gov.au,Male,155853,1958-12-24 08:44:44,62307.67
334,Ora,Worms,oworms99@mozilla.org,Female,66261,1980-11-22 20:15:50,
335,Odie,Gehrtz,,Male,99990,1971-10-07 03:28:00,42713.94
336,Clea,Brigge,,Female,2994,2001-10-30 04:22:10,50132.45
337,Glenna,Brownsmith,gbrownsmith9c@toplist.cz,Female,12458,,41658.86
338,Kimberlee,Stennine,kstennine9d@economist.com,Female,192475,2010-09-08 03:19:07,
339,Rivalee,Woodnutt,rwoodnutt9e@nps.gov,Female,182700,2010-05-02 16:22:23,78410.81
340,Desirae,Reskelly,dreskelly9f@who.int,Female,167923,1999-01-15 21:34:51,
341,Berthe,Fold,bfold9g@twitpic.com,Female,110542,1917-02-10 10:53:37,61335.12
342,Claudianus,Shoemark,cshoemark9h@yellowbook.com,Male,136324,1938-08-28 17:04:07,57666.23
343,,Bembridge,gbembridge9i@si.edu,Female,180711,1927-05-22 19:03:48,52224.98
344,Conchita,Glisane,cglisane9j@reverbnation.com,Female,57305,1942-09-23 04:25:19,53432.46
345,Helaine,Seegar,hseegar9k@yahoo.co.jp,Female,14930,1924-03-14 05:52:49,
346,Pietrek,Jacobson,pjacobson9l@yolasite.com,Male,32920,1922-06-11 10:59:38,80320.38
347,Noble,O'Fearguise,nofearguise9m@surveymonkey.com,Male,26410,1963-07-30 09:02:18,56495.9
348,Minette,Brute,mbrute9n@rambler.ru,Female,171825,1944-04-10 18:57:04,43863.88
349,Lisbeth,Jaukovic,ljaukovic9o@yandex.ru,Female,46788,1929-08-03 12:34:27,55609.74
350,Kingston,Franzoli,kfranzoli9p@spotify.com,Male,61717,1915-04-19 06:54:13,60499.01
351,Urbain,Viney,,Male,,1931-08-22 05:15:57,86246.33
352,Licha,Welland,lwelland9r@chron.com,Female,102108,1986-07-07 08:51:23,87246.08
353,Davin,MacAlees,dmacalees9s@adobe.com,Male,87702,,27734.77
354,Raynell,Spittles,rspittles9t@nymag.com,Female,169460,2015-09-20 03:20:31,72249.69
355,Todd,Grigolon,tgrigolon9u@skyrock.com,Male,,,
356,Elias,Birdsey,ebirdsey9v@tinypic.com,Male,156172,,80912.3
357,Marylynne,Arundale,marundale9w@multiply.com,Female,120078,1987-11-10 19:18:17,29442.05
358,Damara,Beardsell,dbeardsell9x@un.org,Female,50105,1994-04-10 21:00:05,94257.97
359,Waneta,Hasluck,whasluck9y@auda.org.au,Female,732,1920-01-03 17:38:43,18172.54
360,Rodrigo,Mepham,,Male,185402,,6399.33
,,Lewson,clewsona0@engadget.com,Male,12095,1991-06-04 19:39:13,53195.9
362,Itch,Shawe,ishawea1@histats.com,Male,39576,1914-02-16 22:53:39,69925.13
363,Eugenius,,ecawtherya2@latimes.com,Male,71884,1931-05-02 01:55:08,27188.45
364,Judye,Kezourec,,Female,105711,1910-12-08 02:48:25,51707.8
365,Westbrooke,Leak,wleaka4@imdb.com,Male,194105,2009-01-29 18:40:14,18732.86
366,,Minihan,eminihana5@i2i.jp,Female,156518,1982-06-14 07:46:07,47902.14
367,Grethel,Scurrey,,Female,58434,1948-08-01 19:20:11,12678.98
368,Clemens,Newlin,cnewlina7@disqus.com,Male,,1995-08-22 11:54:37,60298.82
369,Deloria,Carlyon,dcarlyona8@washington.edu,Female,197418,,
370,Hadrian,Purchon,hpurchona9@phpbb.com,Male,176231,1962-12-23 08:35:29,63604.03
371,Tina,MacGauhy,tmacgauhyaa@imageshack.us,Female,195820,2011-06-17 04:22:48,82450.45
372,Elsey,Gossage,egossageab@sakura.ne.jp,Female,,2020-07-22 15:52:40,93608.33
373,Gran,Lewsley,glewsleyac@hubpages.com,Male,,1992-10-22 19:51:50,18805.68
374,Jess,Vittori,jvittoriad@xing.com,Male,16961,,77784.07
375,Uta,Dreng,udrengae@sfgate.com,Female,29357,2001-05-27 04:57:01,98610.6
376,Isabella,Crepin,icrepinaf@narod.ru,Female,72401,1970-07-01 00:41:40,31631.82
377,Anna,Vlasenko,avlasenkoag@skyrock.com,Female,190489,1935-09-16 07:34:35,34286.39
378,Justinn,Attwell,jattwellah@earthlink.net,Female,71279,1901-04-07 15:31:34,
,Mic,Grumble,mgrumbleai@booking.com,Male,142905,1958-04-26 20:39:30,28650.36
380,Gunilla,Kordt,gkordtaj@fema.gov,Female,68199,2004-12-05 21:34:42,86725.42
381,Olwen,O'Scanlon,ooscanlonak@usa.gov,Female,184,2017-10-11 06:21:17,22415.01
382,Andy,Morch,amorchal@reuters.com,Female,41851,1911-01-12 00:10:06,99033.16
383,Alfonso,,afullbrookam@sciencedaily.com,Male,,2001-12-19 17:16:19,
384,Tom,Viscovi,,Male,106144,,67887.27
385,Katrinka,Newcomb,knewcombao@flavors.me,Female,175577,1958-07-27 03:57:17,67583.16
386,Beau,Stiggles,bstigglesap@istockphoto.com,Male,51045,1964-08-17 11:13:30,55247.43
387,Aldrich,Statefield,astatefieldaq@google.com.au,Male,34679,1976-06-24 15:59:47,12803.73
388,Chrysler,Fasse,cfassear@nih.gov,Female,66250,2005-05-16 17:11:58,78361.91
389,Frasier,Yurikov,,Male,181216,2020-03-07 20:18:55,40165.13
390,Madel,Galliver,mgalliverat@howstuffworks.com,Female,,1906-09-22 07:31:48,26811.44
391,Aretha,Kleinplatz,akleinplatzau@omniture.com,Female,68644,1956-03-15 22:33:55,77865.79
392,Henrik,Franey,hfraneyav@infoseek.co.jp,Male,62957,1996-03-24 21:14:19,20207.03
393,Lauri,Harburtson,lharburtsonaw@list-manage.com,Female,69566,1901-09-10 22:44:46,
394,Tomlin,Rojel,,Male,72088,1921-12-06 18:59:25,21822.27
395,Josephine,Boyn,,Female,76887,,
396,Shayne,Pelchat,spelchataz@cargocollective.com,Female,109011,1908-11-25 07:26:56,36023.94
397,Daile,Shemwell,dshemwellb0@craigslist.org,Female,57842,,77550.82
398,,Kellett,,Female,83329,1999-02-18 04:43:13,
399,Maiga,Terese,mtereseb2@harvard.edu,Female,46457,1955-12-28 21:48:59,
400,Euell,Woollacott,ewoollacottb3@deliciousdays.com,Male,102910,1983-04-05 06:51:25,14235.69
401,Wilma,Britch,wbritchb4@163.com,Female,183722,1941-12-02 14:30:25,16830.6
402,Roma,Molian,rmolianb5@sciencedirect.com,Male,140196,1932-01-19 22:08:25,86622.57
403,Royce,Cowcha,rcowchab6@tumblr.com,Male,192484,1939-09-10 11:33:04,64184.96
404,Yancey,Bentham,ybenthamb7@ucsd.edu,Male,111913,1988-08-08 20:18:11,
405,Eddie,Cramer,ecramerb8@cdbaby.com,Female,150459,1962-02-21 07:58:23,36515.66
406,Minda,Manes,mmanesb9@ucla.edu,Female,75287,1970-01-12 15:42:00,16913.15
407,Irwinn,Byres,,Male,171991,2017-09-07 07:56:46,94633.84
408,Ardine,Rides,aridesbb@github.com,Female,47380,1906-12-07 02:19:38,70595.24
409,Donia,Lyddiatt,dlyddiattbc@ftc.gov,Female,120857,1950-05-26 03:49:50,18991.2
410,Arturo,O'Kelly,aokellybd@slate.com,,93803,1941-07-24 22:46:44,
411,Guthrie,Need,gneedbe@mail.ru,Male,160745,,4784.99
412,Giselle,Carwithan,gcarwithanbf@loc.gov,Female,13523,1998-09-09 00:39:14,41452.79
413,Jemmie,Radbourn,jradbournbg@dropbox.com,Female,,,
414,Giacomo,,gbaumanbh@sun.com,Male,35895,1917-04-08 00:41:04,12826.63
415,Ardeen,Tedridge,,Female,34158,1932-08-04 06:52:51,
416,Reuven,Veare,rvearebj@fda.gov,Male,172685,2006-02-24 20:37:27,82442.89
417,Nickey,Matushevitz,nmatushevitzbk@ehow.com,Male,16105,1965-02-13 14:39:23,20717.11
418,Isa,,ihenkenbl@cbslocal.com,Male,147050,1909-08-27 16:52:49,89856.54
419,,Hatwell,shatwellbm@thetimes.co.uk,Male,165633,1972-12-10 20:46:26,85048.54
420,Idaline,Schenkel,ischenkelbn@va.gov,Female,172916,,86544.73
421,Darbie,Barwise,dbarwisebo@blogtalkradio.com,Female,106372,1954-02-27 19:42:06,42479.6
422,Cassaundra,Matijevic,cmatijevicbp@a8.net,Female,38734,1975-10-16 00:45:23,54954.44
423,Hollyanne,Flowith,,Female,43560,1947-12-30 03:22:45,40045.57
424,Bathsheba,Janks,,Female,20504,,69985.76
425,Minnnie,Patrickson,mpatricksonbs@amazon.de,Female,177875,1961-09-16 21:30:02,98330.97
426,Gardie,Ivetts,givettsbt@ucoz.ru,Male,124829,2023-03-23 18:45:09,
427,Abramo,de Grey,adegreybu@guardian.co.uk,Male,114789,1942-10-25 17:38:49,73977.03
428,Ellissa,Braidon,ebraidonbv@mac.com,Female,20746,1979-07-17 18:31:37,63958.02
429,Brennen,Skene,bskenebw@nymag.com,Male,68906,2021-09-13 08:04:40,66542.63
430,Margareta,Turn,mturnbx@deviantart.com,Female,,1934-07-02 11:26:16,87836.88
431,Ike,Dusting,idustingby@desdev.cn,Male,52631,1990-02-09 06:55:25,
,Lief,Rosellini,lrosellinibz@msu.edu,Male,30195,1909-11-04 23:38:55,40619.02
433,Codi,Diaper,cdiaperc0@unicef.org,Male,198167,1928-06-20 04:24:13,
434,Midge,Poate,mpoatec1@businessinsider.com,Female,25815,1950-02-12 01:53:13,28538.57
435,Estelle,Stapforth,estapforthc2@google.ca,Female,185809,1932-11-29 11:21:13,2536.97
436,Cy,,ccicettic3@smugmug.com,Male,7543,1980-09-24 12:56:16,16514.3
437,Hermie,Hazlegrove,hhazlegrovec4@bigcartel.com,Male,137271,1902-08-30 13:17:44,77492.44
438,Keefer,Oldcroft,koldcroftc5@ehow.com,Male,155298,1944-05-01 04:16:34,51563.8
439,,Gullivent,kgulliventc6@sohu.com,Male,180680,1990-06-26 01:44:30,74830.01
440,Zitella,Snaddon,zsnaddonc7@youku.com,Female,144408,1962-03-14 19:11:50,10678.65
441,Jeniffer,Lounds,jloundsc8@sbwire.com,Female,162628,,95485.89
442,Kris,Dangerfield,kdangerfieldc9@psu.edu,Female,78409,1924-05-02 05:13:15,9576.39
443,Audy,Cheale,achealeca@multiply.com,Female,,1994-09-15 06:24:52,16067.61
444,Daphne,Tewkesbury.,dtewkesburycb@bbb.org,Female,9276,1997-09-29 05:08:49,17431.39
445,Zack,Rollingson,,Male,51860,2007-10-13 02:26:58,80142.71
446,Nickie,Rospars,nrosparscd@unicef.org,Male,,1956-01-27 22:41:07,19947.69
447,Alaric,Huleatt,ahuleattce@github.io,Male,64116,2007-11-03 20:55:57,97197.66
448,,Cusack,acusackcf@etsy.com,Male,104457,1973-07-19 10:29:53,90295.56
449,Buiron,Kissack,bkissackcg@360.cn,Male,144104,1905-03-30 08:57:42,41561.9
450,Patience,Cherm,,Female,63690,1968-05-10 02:41:27,14090.21
451,Leland,Cherrie,lcherrieci@istockphoto.com,Female,97471,,
452,Carol,Gouldsmith,cgouldsmithcj@elpais.com,Female,181686,2004-08-08 15:55:00,45254.11
453,Verine,,vgorgerck@squidoo.com,Female,79133,1920-02-18 07:30:07,
454,Sophronia,Glyn,sglyncl@ucla.edu,Female,42820,1949-11-17 05:42:43,61802.23
455,Waylen,,,Male,198137,1949-05-16 21:33:48,31164.6
456,Glyn,Forward,gforwardcn@mail.ru,Female,188717,1966-10-29 21:07:35,62813.52
457,Gannon,Courtes,gcourtesco@jalbum.net,Male,31702,1967-02-19 10:41:57,96736.84
458,Belvia,Statersfield,bstatersfieldcp@dmoz.org,Female,102626,1915-07-06 15:32:58,83172.68
459,Teddy,Darbon,tdarboncq@miibeian.gov.cn,Male,52117,1961-02-27 02:37:54,54631.69
460,Aron,Darnody,adarnodycr@ucoz.com,Male,147727,2013-09-25 03:12:30,94045.64
,Toma,Fosse,tfossecs@shareasale.com,Female,58704,1963-08-09 00:14:22,20270.6
462,Ernestus,Dumbrall,edumbrallct@sakura.ne.jp,Male,27250,1920-06-19 15:31:19,72540.71
463,Boigie,Szimoni,bszimonicu@abc.net.au,Male,114146,2006-12-18 21:00:34,
464,Ericka,Livett,elivettcv@howstuffworks.com,Female,171119,1915-05-06 11:19:16,91679.21
465,Ezequiel,Lound,eloundcw@hibu.com,Male,195228,1936-06-02 21:01:53,10681.16
466,,Lakeman,glakemancx@google.com,Male,60804,2003-04-12 09:32:36,23162.92
467,Gabrielle,Fromant,gfromantcy@wikispaces.com,Female,94041,,91023.26
468,Alasdair,Draisey,adraiseycz@toplist.cz,Male,86601,,21822.06
469,Bertha,Glaserman,bglasermand0@amazon.co.jp,Female,179059,1901-03-26 16:19:57,77104.88
470,Blair,Dowtry,,Female,131024,2017-01-31 06:09:13,75723.5
471,Keefe,Allderidge,kallderidged2@springer.com,Male,189476,1940-11-21 16:10:34,86911.77
472,Stormy,Losty,slostyd3@toplist.cz,Female,62288,2020-06-07 21:47:32,
473,Dena,Wyon,dwyond4@uol.com.br,Female,4481,2009-05-01 11:41:34,95498.71
474,,Stoves,,Female,88064,1977-01-17 13:09:28,1273.86
475,Jordanna,Nursey,jnurseyd6@myspace.com,Female,196447,1988-09-30 03:51:32,51118.74
476,Drew,,,Male,86093,1994-05-22 16:07:28,
477,Sibbie,Fleote,,Female,81772,1980-03-30 21:36:09,2154.06
478,Brendin,Scorey,bscoreyd9@boston.com,Male,72108,2019-07-29 00:36:52,24685.71
479,Mitchell,Huie,mhuieda@biblegateway.com,Male,,1919-07-31 13:32:04,
480,Deena,Burnand,dburnanddb@delicious.com,Female,173259,,
481,Idette,Ullett,iullettdc@example.com,Female,33914,1902-02-26 05:07:50,82372.11
482,Jamison,McKeurton,,Male,189513,1987-07-20 01:12:53,62873.09
483,Galvan,Emanuel,gemanuelde@shareasale.com,Male,173561,2006-10-08 14:10:14,74900.25
484,,Jirsa,ojirsadf@youtu.be,Male,68779,1951-08-16 12:25:12,46137.26
485,Ode,Egentan,oegentandg@skype.com,Male,103944,1921-01-19 13:38:39,75814.63
486,Brose,Brownsworth,bbrownsworthdh@stumbleupon.com,Male,128985,2011-07-03 04:11:08,67290.02
487,Tandy,Geyton,tgeytondi@g.co,Female,63918,1998-11-23 04:26:04,
488,Hewe,Rove,hrovedj@flavors.me,Male,5798,1909-02-09 00:14:38,
489,Elisha,Hourihan,ehourihandk@apache.org,Male,70886,2017-10-24 09:25:48,
490,Norene,Cansdall,ncansdalldl@wired.com,Female,155852,1966-05-09 12:40:54,
491,Pamella,Kienzle,pkienzledm@parallels.com,Female,170227,1950-02-23 11:56:51,72759.38
492,Janella,Gant,,Female,71019,1966-01-07 00:10:10,
493,Guthrie,Simony,gsimonydo@cdc.gov,Male,184660,1928-01-31 07:05:15,6520.41
494,Fifi,Greber,fgreberdp@bbb.org,Female,183821,1935-04-10 03:30:30,37177.73
495,Ninetta,Fudge,nfudgedq@wired.com,Female,10986,1965-06-15 22:33:20,
496,Ambur,Beecroft,abeecroftdr@pagesperso-orange.fr,Female,129989,1982-03-20 23:26:41,46143.06
497,Norine,Klimkiewich,nklimkiewichds@amazon.de,Female,48733,1961-06-19 20:12:51,
498,Dore,Van der Krui,dvanderkruidt@purevolume.com,Female,65796,1941-01-31 16:20:31,38993.06
499,Quintus,Ogan,qogandu@goo.ne.jp,Male,86027,1937-10-31 13:29:10,88137.97
500,Charmion,Smooth,csmoothdv@weibo.com,Female,40136,1939-09-02 14:46:32,6278.83
501,Yurik,Maryon,ymaryondw@live.com,Male,87231,1997-09-26 12:18:32,48818.77
502,,Rayman,,Female,17454,1937-04-18 11:25:23,42655.34
503,Brittani,Egdal,,Female,,1968-10-25 17:10:25,68739.98
,Omero,Matas,omatasdz@hp.com,Male,139318,1916-12-11 03:49:29,50362.48
505,Guinevere,Dunwoody,gdunwoodye0@t.co,Female,9053,1942-04-09 16:08:18,88876.78
506,Brod,Carville,bcarvillee1@ustream.tv,Male,,1921-12-27 20:30:14,73498.58
507,Michaela,Bulbrook,,Female,,1912-10-13 18:43:34,65133.58
508,Kristian,Emerton,kemertone3@dropbox.com,Male,103327,1997-07-15 10:00:44,94775.91
509,Gert,Fridd,gfridde4@samsung.com,Female,195093,2014-03-28 08:22:27,27593.77
510,Quinta,Lassetter,qlassettere5@eventbrite.com,Female,,2022-04-07 03:46:21,65014.44
511,Leeanne,Bithany,lbithanye6@dagondesign.com,Female,163097,,23007.79
512,Shamus,Brusle,sbruslee7@comcast.net,Male,147416,1968-07-05 09:18:38,34372.69
513,Dillon,Johannesson,djohannessone8@foxnews.com,Male,111804,1934-08-30 17:06:43,2661.44
514,Borg,Casebourne,bcasebournee9@canalblog.com,Male,128114,1990-12-18 16:02:01,56005.73
515,Jeannette,Fitzhenry,jfitzhenryea@hugedomains.com,Female,109929,1915-01-17 09:28:20,59043.62
516,Gerek,Smalecombe,gsmalecombeeb@goo.gl,Male,172658,1997-08-04 21:47:33,18920.9
517,,Lammenga,jlammengaec@scientificamerican.com,Male,9523,1923-08-14 23:41:35,
,Brena,Demchen,bdemchened@examiner.com,Female,41678,2005-07-23 19:46:58,53963.95
519,Northrup,Fulford,nfulfordee@walmart.com,Male,152634,1939-03-24 08:21:31,21161.52
520,Kara,Indgs,kindgsef@ycombinator.com,,141385,,75555.27
521,Dilan,Shuxsmith,dshuxsmitheg@nasa.gov,Male,10073,1948-10-06 14:22:01,46953.35
522,Jorrie,Mustill,jmustilleh@nps.gov,,127842,1949-11-17 06:11:11,64231.61
,Chilton,,cparmeterei@netlog.com,Male,168550,1997-04-11 08:39:55,95145.55
524,Clementina,Matysiak,cmatysiakej@nationalgeographic.com,Female,71017,1903-07-27 17:48:59,39712.62
525,Dru,Janczyk,djanczykek@google.es,Female,46814,2022-05-07 07:58:16,84739.2
526,Tuck,Tilly,ttillyel@nsw.gov.au,Male,136991,1931-04-23 05:36:35,57911.37
527,Clarice,Auten,cautenem@answers.com,Female,3934,1914-12-30 17:40:40,
528,Reube,,rcheelen@washingtonpost.com,Male,101238,2006-05-11 23:40:49,83507.26
529,Woodrow,Gautrey,wgautreyeo@google.pl,Male,45693,1961-09-01 07:27:49,13447.15
530,Kerrin,Maddocks,,Female,56158,2000-01-25 08:26:43,84233.36
531,Gunther,,ghennigereq@posterous.com,Male,60053,2022-05-12 13:21:30,95624.81
532,Tarrah,Furlong,tfurlonger@sun.com,Female,131671,1939-11-26 04:58:17,39284.93
533,Josie,Busch,jbusches@craigslist.org,Female,73111,1923-09-08 09:37:02,51192.22
534,Tamarra,Kivits,tkivitset@wordpress.org,Female,27738,1923-04-18 22:41:04,
535,Gris,Filintsev,gfilintseveu@miitbeian.gov.cn,Male,145301,,61972.36
536,Birk,Steade,bsteadeev@fema.gov,Male,4156,1909-01-08 00:41:35,
537,Sullivan,Gyenes,sgyenesew@creativecommons.org,Male,63180,1952-03-05 12:17:00,99845.6
538,Temp,,ttorrejonex@bbb.org,Male,89284,1926-12-17 16:44:13,90051.89
539,Umeko,Pflieger,upfliegerey@msn.com,Female,66835,1949-11-27 08:40:01,56884.49
540,Samson,Hrinchenko,shrinchenkoez@howstuffworks.com,Male,78324,1978-01-17 16:15:05,76901.51
541,Brittaney,Houchin,bhouchinf0@dell.com,Female,189257,1936-02-11 15:29:28,6887.45
542,Heriberto,,hsurmeyersf1@un.org,Male,479,,51871.41
543,Andrea,Forrest,aforrestf2@tinypic.com,Female,129900,1902-08-09 00:26:35,
544,Marcelo,Gauford,mgaufordf3@umich.edu,Male,141357,1955-03-04 23:26:18,10052.49
545,Gilberto,Surcomb,gsurcombf4@cocolog-nifty.com,Male,193801,1927-09-06 04:45:51,72165.77
546,Cristobal,St. Pierre,cstpierref5@ow.ly,,68233,1921-11-11 07:34:15,18450.07
547,Ermina,Peiser,epeiserf6@flickr.com,Female,45032,1973-01-10 01:36:07,38205.46
548,Kahlil,Coey,kcoeyf7@live.com,Male,175688,1992-07-31 07:54:23,53036.65
,Jephthah,Roch,jrochf8@dion.ne.jp,Male,131213,1981-12-19 22:10:03,
550,Chere,Slamaker,,Female,172554,1999-12-18 12:05:54,
551,Herschel,Eatherton,heathertonfa@blog.com,Male,189697,1990-08-26 06:20:14,84259.15
552,Melesa,McPhail,mmcphailfb@elpais.com,Female,,1967-05-26 19:41:26,
553,Nona,Scroggs,nscroggsfc@jiathis.com,Female,48227,1923-06-14 18:16:18,11802.62
554,Delmar,Harverson,,Male,152862,1930-10-21 14:36:44,72838.03
555,Cissy,,claugheranfe@google.com,Female,100559,2015-02-04 11:57:58,22183.15
556,Hewett,Laise,hlaiseff@spiegel.de,Male,73833,1950-09-07 13:57:04,79124.64
557,Von,Rowet,vrowetfg@state.tx.us,Male,29369,1938-03-10 12:49:22,9834.03
,Mendy,Gyde,mgydefh@imgur.com,Male,68050,1977-01-19 07:21:12,26856.98
559,Sully,Bortolozzi,sbortolozzifi@amazon.co.uk,Male,26748,1993-09-27 09:35:18,
560,,Bomfield,bbomfieldfj@is.gd,Female,21934,1979-03-05 10:09:59,36957.71
561,Dukie,Burnsall,dburnsallfk@cloudflare.com,Male,187294,2003-12-17 23:26:42,4852.69
562,Alysia,Bremond,abremondfl@reference.com,Female,165912,1920-02-16 05:32:31,78713.97
,Torin,Phoenix,tphoenixfm@mozilla.org,Male,62173,2015-04-03 09:33:54,85868.0
564,Binnie,Cliburn,bcliburnfn@facebook.com,Female,17955,1938-02-01 22:11:42,41048.86
565,Melisenda,Figg,mfiggfo@a8.net,Female,185989,1920-04-26 19:22:15,52130.12
,Lacey,,licomfp@marriott.com,Female,193770,2012-11-28 04:46:00,66309.32
567,Read,Sherland,rsherlandfq@goo.gl,Male,158117,1963-05-08 11:28:13,78684.83
568,Luz,Abramin,labraminfr@spiegel.de,Female,48534,,
569,Blayne,Dawkins,bdawkinsfs@gizmodo.com,Male,37324,1917-11-24 15:33:03,48532.87
570,Christian,Signore,csignoreft@sciencedirect.com,Male,185475,,75399.39
571,Georgeta,Sly,gslyfu@blogger.com,Female,3780,1933-04-05 13:23:53,59437.96
572,Steffi,Lesser,slesserfv@yellowbook.com,Female,154249,1906-12-05 15:40:30,55051.04
573,Brigham,Abbot,babbotfw@thetimes.co.uk,Male,126536,2022-10-07 04:41:42,19305.45
574,Dill,Langstone,dlangstonefx@apache.org,,145590,1919-02-07 18:33:33,72661.34
575,Martina,Flement,mflementfy@stumbleupon.com,Female,169486,2011-12-29 03:17:10,68433.68
576,Denis,Hazeman,dhazemanfz@samsung.com,Male,181473,,
577,Bentley,Giovannilli,bgiovannillig0@ucla.edu,Male,34609,2005-01-28 21:39:50,19158.25
578,Avril,Fisk,afiskg1@disqus.com,Female,143151,1956-09-24 17:27:04,70055.43
579,Egbert,Pankhurst.,epankhurstg2@springer.com,Male,16911,1940-09-11 04:35:44,71311.8
580,Corissa,Guilloneau,cguilloneaug3@cdbaby.com,Female,43000,2023-01-16 14:22:28,60447.14
581,Kit,,khuygeg4@desdev.cn,Female,77904,1920-04-05 16:56:51,81591.85
582,Kristofer,,,Male,85926,1981-11-15 02:31:54,
583,,MacDaid,wmacdaidg6@omniture.com,Male,164771,1913-05-24 17:36:24,66491.57
584,Teresina,Ion,tiong7@discovery.com,Female,162042,1908-09-02 21:13:15,1543.11
585,Teodora,,tstennardg8@chronoengine.com,Female,158585,1924-06-27 19:26:24,56161.59
586,Hilly,,,Male,52253,2012-05-26 17:19:35,59059.01
587,Rosette,Conachy,rconachyga@acquirethisname.com,Female,,2015-03-05 12:08:32,51039.91
588,Lily,Cubbon,,Female,94648,1918-09-25 19:24:37,
589,Octavius,Bromehead,,Male,1415,1967-12-02 10:07:37,91689.47
590,Mayne,Gue,mguegd@hhs.gov,Male,29607,1956-04-17 02:24:10,89231.25
591,Horatius,Shawyers,hshawyersge@zdnet.com,Male,81166,1947-06-29 11:13:47,
592,Rafael,Moretto,rmorettogf@upenn.edu,Male,51006,1936-11-22 09:12:07,32415.43
593,Dennet,Bambrick,dbambrickgg@utexas.edu,Male,32622,1938-04-03 10:40:36,78208.45
594,Glenn,Schultes,gschultesgh@booking.com,Female,44031,2011-11-01 00:09:52,97658.4
595,Jayme,Slegg,jslegggi@soup.io,Male,16509,,22708.98
596,Marcellus,Oven,,Male,148798,1917-02-27 05:41:33,53433.23
597,Jinny,Wraight,jwraightgk@vkontakte.ru,,122026,1950-08-23 16:40:08,
598,Asher,Breckell,abreckellgl@tinypic.com,Male,24806,1962-11-05 22:54:08,
599,Kellina,Espinosa,kespinosagm@cnbc.com,Female,24042,1953-01-09 21:28:12,66676.57
,Alene,Daughtrey,adaughtreygn@whitehouse.gov,Female,60393,1956-10-25 01:04:26,74190.15
601,Tamra,Gravenall,tgravenallgo@etsy.com,Female,59624,1910-04-15 14:35:04,46063.72
602,Gearard,Fobidge,gfobidgegp@imgur.com,Male,,1992-08-26 22:04:29,
603,Randee,Borgne,rborgnegq@topsy.com,Female,87288,1925-05-29 05:55:02,63084.18
604,Joyce,Aleksandrev,jaleksandrevgr@si.edu,Female,85203,1909-04-15 07:12:31,72814.78
605,Loralie,Cranny,lcrannygs@xing.com,Female,69042,,69305.74
606,,Darwen,idarwengt@umich.edu,Female,96453,,65982.44
607,Jervis,,jkeizmangu@fastcompany.com,Male,6655,1951-12-22 19:26:53,27316.58
608,Robbi,Hustings,rhustingsgv@list-manage.com,Female,16116,1939-11-08 09:06:39,
609,Virginia,Towersey,vtowerseygw@github.io,Female,178930,,40007.98
610,Alaster,Bauldry,abauldrygx@dagondesign.com,Male,110045,,9829.78
611,Lenette,Comberbach,lcomberbachgy@unicef.org,Female,14179,1970-12-08 23:27:24,95778.14
612,Johan,Janko,jjankogz@surveymonkey.com,Male,99845,1974-02-09 20:54:29,
613,Gasparo,Clair,gclairh0@sina.com.cn,Male,98491,1969-04-04 05:00:59,34039.29
614,Laurice,Everard,,Female,77396,2019-04-26 11:52:02,
615,Parry,Slainey,pslaineyh2@ebay.co.uk,Male,7875,1903-04-17 17:41:41,7137.7
,Linnie,Morrowe,lmorroweh3@tiny.cc,Female,11124,1924-10-19 03:28:55,91271.34
617,Rosy,Maldin,rmaldinh4@reddit.com,Female,74491,1912-08-20 04:43:57,20104.67
618,Si,,sfitchetth5@globo.com,Male,66305,,68601.52
619,Ertha,Rugg,eruggh6@businesswire.com,Female,187753,1912-10-26 09:20:22,55038.41
620,Solly,Jans,sjansh7@state.gov,Male,129953,2018-12-03 11:46:11,30460.35
621,Orson,Powelee,opoweleeh8@merriam-webster.com,Male,131129,1911-11-30 08:57:43,9369.0
622,Lucie,Avramovitz,lavramovitzh9@geocities.com,Female,125609,1904-08-30 10:18:58,85116.28
623,Alexandre,Tolworthie,atolworthieha@usa.gov,Male,171181,1902-01-27 21:37:43,22245.64
624,Lonna,Tiffin,ltiffinhb@netvibes.com,Female,69787,1973-05-19 12:30:07,41086.42
625,Von,Di Lucia,vdiluciahc@samsung.com,Male,118851,1915-04-14 11:09:07,
626,Wally,Mingay,,Male,192033,1960-08-01 22:02:23,91213.96
627,Westbrook,Isherwood,wisherwoodhe@webeden.co.uk,Male,130568,1917-02-27 21:06:12,83528.91
628,Davita,Nelligan,dnelliganhf@wufoo.com,Female,103355,1968-11-03 00:39:19,
629,Suzi,Feaster,sfeasterhg@cam.ac.uk,Female,156152,2004-10-30 17:54:32,
630,Ezekiel,Ditchfield,editchfieldhh@webnode.com,Male,85495,1983-10-06 21:30:07,2417.37
631,Royal,Kenningham,,Male,48877,1902-11-23 12:36:40,55320.31
632,Huntington,McEntagart,hmcentagarthj@seattletimes.com,Male,123663,1922-05-08 06:50:50,9756.65
633,Missy,Kee,mkeehk@discuz.net,Female,59295,2004-08-27 14:06:17,64416.44
634,Isidora,Bellee,ibelleehl@hostgator.com,Female,172960,1935-03-24 22:14:58,24589.76
635,Dorotea,Kynan,dkynanhm@plala.or.jp,Female,156337,1987-12-12 09:26:14,98639.27
636,Kesley,Ravilus,,Female,127167,1979-06-13 03:23:02,91476.78
637,Vincenz,Lennon,vlennonho@blogger.com,Male,76849,1939-06-17 09:59:06,93469.7
638,Michaela,Huffey,mhuffeyhp@printfriendly.com,Female,138905,1920-10-15 04:09:19,15322.85
639,Denice,Elks,delkshq@blogspot.com,Female,71351,1950-01-26 03:33:57,74188.83
640,Josey,Medler,jmedlerhr@hud.gov,Female,47611,1936-03-06 05:44:06,26692.45
641,Eberhard,Padson,epadsonhs@xinhuanet.com,Male,144222,1983-09-29 18:33:28,25180.23
642,Bertrand,Southerns,bsouthernsht@netscape.com,Male,3649,1946-09-23 04:48:29,
643,Homere,Dorbin,hdorbinhu@bloomberg.com,Male,149520,2014-05-14 02:24:32,94569.12
644,Titus,,,,115794,1927-07-29 20:03:53,43906.14
645,,Hame,phamehw@ning.com,Male,,1904-04-28 23:32:47,56940.48
646,Glen,Drain,gdrainhx@npr.org,Female,35526,1976-07-24 20:04:31,16720.15
647,Maure,Tuff,,Female,101061,1961-05-14 22:51:54,24336.38
648,Deeann,Easum,deasumhz@diigo.com,Female,50466,,
649,Charline,Lauga,claugai0@tripod.com,Female,17081,1968-01-03 20:13:31,31885.33
650,,,mdacki1@mac.com,Male,88021,2004-06-07 20:13:22,63545.65
651,,Aloshkin,,Male,186916,1983-03-06 20:27:15,17436.03
652,Corri,Tribble,ctribblei3@cam.ac.uk,Female,41204,1929-03-28 06:01:15,88292.61
653,Jessie,Grgic,jgrgici4@census.gov,Female,20861,2013-08-02 12:38:32,99650.89
654,Danna,Ziebart,dziebarti5@devhub.com,Female,179508,,
655,Katine,MacKeever,,Female,35346,1907-12-19 20:15:44,33361.12
656,Arty,Hance,ahancei7@sbwire.com,Male,194998,2006-05-16 03:24:13,
657,Jard,Kieff,jkieffi8@irs.gov,Male,136579,1953-10-10 20:14:12,79418.84
658,Darcee,Sneezum,dsneezumi9@go.com,Female,44315,1987-10-31 11:57:58,
659,Caresa,Rudwell,crudwellia@topsy.com,Female,36260,1985-08-01 09:22:32,45737.19
660,Uriel,Hatter,uhatterib@msn.com,Male,121523,1997-06-25 08:03:53,35308.3
661,Sibel,Goulder,sgoulderic@4shared.com,Female,141525,1976-12-18 20:28:21,4794.28
662,,Gask,agaskid@tinyurl.com,Female,29027,1916-04-30 19:32:54,88414.6
663,Beulah,Yoselevitch,byoselevitchie@sphinn.com,Female,109598,1960-07-13 01:08:50,71348.34
664,Bogey,Orring,borringif@examiner.com,Male,,1988-07-06 23:58:26,98443.97
665,Eamon,Beastall,ebeastallig@example.com,Male,172004,1954-06-21 11:11:37,69621.9
666,Vilma,,vcriagih@youku.com,Female,78052,1911-05-18 01:58:49,55094.47
667,Cristen,James,cjamesii@desdev.cn,,,1960-04-30 13:59:36,37083.07
668,Shelley,,schivrallij@vinaora.com,Male,86895,1924-03-23 04:23:10,73042.61
669,Morse,Walczak,mwalczakik@irs.gov,Male,85196,,38298.3
670,Tara,Spriggin,tsprigginil@g.co,Female,5467,1999-10-07 10:40:29,43026.95
671,Anne-marie,Beatey,abeateyim@wired.com,Female,100375,1957-10-05 23:50:36,93879.13
672,Bria,Poone,,Female,34359,,
,Costanza,Fray,cfrayio@gizmodo.com,Female,86798,1935-03-22 06:53:49,31959.49
674,Myrlene,Moresby,mmoresbyip@freewebs.com,,31450,1972-06-14 03:14:44,
675,Rebeka,Streeton,rstreetoniq@clickbank.net,Female,70325,1993-03-23 03:16:21,9995.8
676,Dasya,Noller,dnollerir@godaddy.com,Female,16978,1991-10-14 16:20:05,79923.43
677,Lynette,Haskur,lhaskuris@ox.ac.uk,Female,40870,1929-05-25 17:22:59,74829.17
,Amerigo,Craighead,acraigheadit@storify.com,Male,68064,,16179.83
679,Shanon,Neaverson,sneaversoniu@posterous.com,Female,100659,1950-11-11 22:58:10,89753.28
680,Cherice,Allsebrook,callsebrookiv@ft.com,Female,107588,1970-03-09 09:54:21,89437.11
681,Rollie,Courtese,rcourteseiw@si.edu,Male,131046,1998-01-08 10:21:55,46057.91
682,Allissa,Bittany,abittanyix@stanford.edu,Female,111977,1909-09-19 14:48:47,73449.35
683,Monte,Finlry,mfinlryiy@addtoany.com,Male,85306,1904-07-25 04:24:15,86498.63
684,Torre,Dibb,tdibbiz@aboutads.info,Male,142591,,5202.06
685,Ulrike,Shillaber,ushillaberj0@jiathis.com,Female,173869,2019-05-05 07:31:21,94833.44
686,Darwin,,,,198016,1998-05-31 01:03:34,2014.72
687,Rodge,Torra,rtorraj2@deliciousdays.com,Male,86466,2003-09-28 05:55:42,96151.56
688,Gard,Burbank,gburbankj3@jalbum.net,Male,107176,1977-03-05 01:36:31,60259.89
689,Bernie,Frid,bfridj4@kickstarter.com,Male,28670,,61289.63
690,Marylee,Bluck,mbluckj5@indiegogo.com,Female,99672,2008-05-15 21:46:53,35908.72
691,,Castaneda,,Female,100039,1957-03-31 19:23:50,12651.46
692,Reese,Forre,rforrej7@newyorker.com,,127508,,
693,Gabrielle,,ggriffej8@surveymonkey.com,Female,,1978-03-16 19:01:48,7628.88
694,Fredrick,Reeman,,Male,95752,2003-11-18 06:58:17,77732.28
695,Carlos,Keough,ckeoughja@pcworld.com,Male,22487,2013-12-11 10:47:51,67003.44
696,Harlin,Whettleton,hwhettletonjb@wordpress.org,Male,67100,1964-12-14 04:03:58,26484.76
697,Norina,Gotobed,ngotobedjc@illinois.edu,Female,106852,1900-07-08 06:23:29,5268.28
698,Briny,Escalante,bescalantejd@parallels.com,Female,160636,1933-04-03 14:56:48,23379.19
699,Grantham,,gmccormickje@ft.com,Male,3694,1923-09-06 09:47:34,12209.34
700,,Trayling,,Female,3610,1981-05-10 23:23:24,69338.45
701,,Boness,vbonessjg@bizjournals.com,Male,155508,1914-07-25 22:24:17,20269.2
702,Thorstein,Villalta,tvillaltajh@howstuffworks.com,Male,24140,,9613.48
703,Desmund,,dlarticeji@netscape.com,Male,193662,1990-05-15 13:37:25,32282.09
704,Thorin,Franceschino,tfranceschinojj@google.nl,Male,98539,,57429.3
705,Guendolen,,gmclanaghanjk@paginegialle.it,Female,6674,1911-01-11 11:31:44,97426.79
706,Clarance,Iori,ciorijl@sitemeter.com,Male,20418,2007-05-21 15:28:38,
707,Serene,Stelljes,sstelljesjm@tripod.com,Female,58833,1965-02-26 10:32:13,32414.15
708,Mady,McFarlan,mmcfarlanjn@mtv.com,Female,120429,1973-08-06 03:40:50,76867.94
709,Glen,Clayworth,gclayworthjo@nationalgeographic.com,Male,163176,1914-08-15 14:56:48,20696.25
,Pennie,MacSkeagan,,Male,,1912-10-03 14:29:20,68616.02
711,Morten,,mkhoterjq@hibu.com,Male,113035,1973-08-19 15:32:19,64211.88
712,Francine,Grinstead,fgrinsteadjr@cbslocal.com,Female,197623,1933-02-03 01:11:25,97413.85
713,Shepperd,Birtwistle,sbirtwistlejs@blog.com,Male,44834,2005-11-10 02:45:47,12624.44
714,Conant,Luckham,cluckhamjt@vinaora.com,Male,89110,1960-10-31 17:12:08,22141.11
715,Baryram,Whitham,bwhithamju@alexa.com,Male,198672,1935-11-26 15:18:39,16299.88
716,Jdavie,Brearty,jbreartyjv@t.co,Male,102663,1907-12-07 09:10:14,40826.36
717,Rayner,,rboykettjw@hud.gov,Male,137191,1986-05-04 09:14:52,37823.19
718,Minor,Letteresse,mletteressejx@netlog.com,Male,90391,1950-04-21 03:43:58,3827.15
,Yurik,Nyles,ynylesjy@usnews.com,Male,93524,2003-03-02 00:32:25,64627.44
720,Adolph,Crombie,acrombiejz@mozilla.org,Male,20940,1993-03-28 20:06:06,8068.01
721,Tedi,Capstake,tcapstakek0@about.com,Female,39624,1941-05-13 05:56:16,39292.93
722,Tamiko,Dobson,tdobsonk1@shutterfly.com,Female,100351,1973-07-29 06:57:48,54034.68
723,Nicolette,Queyos,nqueyosk2@cdc.gov,Female,49409,1935-05-09 09:41:14,
724,Stefan,Keddle,skeddlek3@cdc.gov,Male,,,85274.02
725,Randie,Astley,rastleyk4@zdnet.com,Male,15039,1960-08-25 09:36:33,11690.81
726,Donnie,Fidian,dfidiank5@chicagotribune.com,Male,14250,1979-03-11 17:58:56,68011.83
727,Nanette,Tills,,Female,101880,1925-07-08 12:58:30,45109.09
728,Caressa,Bernardos,cbernardosk7@youtube.com,Female,14732,1958-09-26 22:33:45,4482.46
729,Stinky,Welton,sweltonk8@discuz.net,Male,194340,2006-06-01 17:11:10,68555.37
730,Sandye,Tompsett,stompsettk9@photobucket.com,Female,132501,,
731,Ewart,Doyley,edoyleyka@dot.gov,Male,118979,1911-04-17 06:57:01,9349.87
732,Barbra,Dearell,bdearellkb@wunderground.com,Female,,1903-07-17 05:44:04,
733,Ree,Braban,rbrabankc@phpbb.com,Female,36230,1998-07-31 04:28:29,43543.12
734,Tamqrah,Eyam,teyamkd@tamu.edu,Female,143454,1968-12-23 04:39:25,40378.88
735,Reynold,Beebe,rbeebeke@odnoklassniki.ru,Male,121408,1940-07-14 18:04:30,60913.92
736,Torrin,Etherington,tetheringtonkf@fotki.com,Male,158569,,54076.17
737,Brok,Snassell,bsnassellkg@army.mil,Male,71909,,86407.85
738,Ame,Gethyn,agethynkh@un.org,Female,122567,1950-08-12 08:30:11,32680.61
739,Constantina,McGillecole,cmcgillecoleki@mtv.com,Female,156209,1902-06-11 18:39:44,55816.16
740,Garvy,Giffon,ggiffonkj@angelfire.com,Male,163494,1939-02-04 13:16:33,40109.35
741,Alisun,,awiltshawkk@mashable.com,Female,174621,1987-07-04 10:05:05,25038.58
742,Paula,Skatcher,pskatcherkl@discovery.com,Female,70035,1996-12-02 07:41:51,25485.46
743,Lona,,lgallamorekm@blogs.com,Female,,1914-01-24 10:44:16,19816.65
744,Don,Siburn,dsiburnkn@marriott.com,Male,140314,1954-02-16 06:14:11,
745,Adrien,Burnyeat,,Male,125611,1915-04-30 20:40:41,45884.81
746,Koren,Discombe,kdiscombekp@myspace.com,Female,18279,1908-07-18 13:47:39,62446.06
747,Amara,,avarneykq@scientificamerican.com,Female,42395,1912-10-13 14:38:13,26875.56
748,Courtnay,Giblett,cgiblettkr@loc.gov,Female,161287,1965-06-25 22:15:04,50347.73
749,Ambrosius,Adamovicz,aadamoviczks@mayoclinic.com,Male,106520,1906-04-17 07:18:59,27340.31
750,Dorolisa,Kwietek,dkwietekkt@home.pl,Female,190918,,
751,Cy,Denington,cdeningtonku@washingtonpost.com,Male,11562,1993-04-11 15:23:13,71604.16
752,Arie,Eager,aeagerkv@alexa.com,Male,136166,,8413.92
753,Griswold,Kocher,gkocherkw@cornell.edu,Male,198688,1934-10-09 19:59:30,
754,Flemming,Heape,fheapekx@apache.org,Male,169236,1958-07-18 03:21:57,60424.22
755,Viki,Brambley,vbrambleyky@ning.com,Female,57417,1905-04-24 14:54:50,95722.89
756,Codie,Franks,cfrankskz@angelfire.com,Male,68982,1993-07-05 11:35:13,45085.76
757,Mollie,Carragher,mcarragherl0@google.com.au,Female,131380,1953-05-16 01:20:20,5398.52
758,Stevie,Detloff,sdetloffl1@hibu.com,Male,117404,1945-02-08 14:26:58,49801.8
759,Glynda,O'Day,godayl2@mlb.com,Female,166102,1934-02-25 00:54:21,37827.32
760,Gerrilee,Dryburgh,gdryburghl3@freewebs.com,Female,189734,,25698.49
761,Gaylord,,gscopesl4@umich.edu,Male,20501,2018-02-26 12:25:54,55363.03
762,Tiebout,Tole,ttolel5@sun.com,Male,62786,,84982.48
763,Karna,Coatham,kcoathaml6@1und1.de,Female,23534,,75024.18
764,Emelita,Grieves,egrievesl7@bigcartel.com,Female,154660,,24445.86
765,,Shields,,Male,54012,2012-05-05 07:11:14,71047.84
766,Domini,Sepey,dsepeyl9@tumblr.com,Female,122988,1970-08-11 23:58:01,1362.78
767,Alisa,Woofinden,awoofindenla@sogou.com,Female,4164,1941-12-02 01:08:17,87929.96
768,Charlean,Beveridge,cbeveridgelb@paginegialle.it,Female,,1962-01-28 15:01:47,91314.34
769,Bekki,Fer,bferlc@google.co.jp,Female,133786,1914-10-09 02:34:53,70714.98
770,Durand,Skottle,dskottleld@cisco.com,,178390,1977-12-14 11:58:48,84035.63
771,Hadria,Wimpenny,hwimpennyle@mashable.com,Female,102644,1985-06-17 03:32:36,92082.94
772,Constanta,Bainbrigge,cbainbriggelf@odnoklassniki.ru,Female,135962,1973-01-09 04:11:29,14414.9
773,Robinet,Whitwham,rwhitwhamlg@hatena.ne.jp,Male,2256,2003-01-10 00:49:07,5239.98
774,Shelton,Sommerly,ssommerlylh@aol.com,Male,120263,1958-03-14 18:41:07,38174.7
775,Brandais,Comfort,bcomfortli@parallels.com,Female,144838,1935-04-07 11:27:58,72249.67
776,Yvon,Hearnaman,,Male,46572,1902-10-01 05:05:25,25032.35
777,Inessa,Cassedy,icassedylk@icq.com,Female,116817,2015-12-17 08:08:59,86088.99
778,Sybille,Jina,,Female,107753,1976-03-04 07:07:39,27028.12
779,Nikita,Baress,nbaresslm@ycombinator.com,Male,164787,1900-07-10 01:25:07,31373.09
780,Cole,Seaborne,cseaborneln@forbes.com,Male,114173,1911-02-18 19:03:06,18574.93
781,Alethea,Reinbeck,areinbecklo@hibu.com,Female,9548,1927-02-09 16:25:47,52958.42
782,Thorin,Raincin,traincinlp@buzzfeed.com,Male,178476,1902-04-26 04:33:27,36358.01
783,Johannes,Early,jearlylq@oracle.com,Male,142077,1919-10-23 15:28:27,25408.99
784,Meade,Ciobotaru,mciobotarulr@is.gd,Male,176879,1942-05-11 08:00:07,13340.82
785,Junia,Bridgewater,,Female,99266,1927-03-09 23:04:57,
786,Britni,Coopland,bcooplandlt@reference.com,Female,181955,1929-11-08 04:57:52,26473.14
787,Ignazio,Hawson,ihawsonlu@barnesandnoble.com,Male,,1949-04-30 15:08:00,
788,Torry,Florio,tfloriolv@un.org,Male,169572,2009-12-06 00:50:17,29141.66
789,Morissa,Brenneke,mbrennekelw@disqus.com,Female,2548,1921-11-04 11:33:20,94976.07
790,Reeva,Lipscombe,,Female,70513,1908-05-18 17:51:17,18695.2
791,Boy,Berggren,bberggrenly@narod.ru,,64047,1929-08-20 21:32:45,50583.07
792,Amalie,McIsaac,,Female,70845,1923-08-07 15:41:44,8318.06
793,Albrecht,Sailor,asailorm0@angelfire.com,Male,36177,1996-10-26 03:29:07,15467.3
794,Holly-anne,Baldacchino,hbaldacchinom1@cdc.gov,Female,149447,1979-08-16 15:17:56,95776.59
795,Harris,Welberry,hwelberrym2@aboutads.info,Male,167999,1915-11-12 06:35:36,
796,Dulcy,Scamel,dscamelm3@hubpages.com,Female,5216,1976-08-24 05:08:41,42931.13
797,Marina,Boatwright,,Female,193087,1957-07-30 03:53:18,63713.29
798,Barby,Glassopp,bglassoppm5@purevolume.com,Female,181038,2001-10-02 19:06:29,83657.62
799,Emelina,Turford,eturfordm6@purevolume.com,Female,25846,1924-07-12 05:09:25,74798.84
800,Perkin,Marchington,pmarchingtonm7@cornell.edu,Male,169102,1929-01-17 01:13:02,7357.66
801,Far,Cansdell,fcansdellm8@godaddy.com,Male,10671,1912-07-09 16:53:31,7290.45
802,Weylin,,wflewittm9@typepad.com,Male,1669,1900-12-09 23:59:32,95766.28
803,Cornall,Burchett,cburchettma@craigslist.org,Male,193964,1991-02-18 10:52:53,55959.68
804,Arty,Saltman,asaltmanmb@tinyurl.com,Male,4768,1992-01-19 03:32:09,98438.57
805,Annelise,Mulvey,amulveymc@admin.ch,Female,80633,1983-05-25 15:01:34,53857.03
806,Carlita,Tollady,ctolladymd@fotki.com,Female,116895,1950-12-21 22:36:32,68546.25
807,Teena,,tgainme@cdbaby.com,Female,148719,1966-03-02 20:57:53,
808,,Perrie,pperriemf@purevolume.com,Female,172170,1939-07-15 04:53:18,81175.18
809,Hercules,Pollington,hpollingtonmg@china.com.cn,Male,109,1936-08-10 16:43:14,57493.2
810,Malia,Metheringham,mmetheringhammh@wordpress.org,Female,111711,2012-08-13 09:46:14,78975.7
811,Merell,Hargie,mhargiemi@pagesperso-orange.fr,Male,3781,1996-06-30 13:50:22,91369.01
812,Michel,Durran,mdurranmj@cbslocal.com,Female,126386,1930-09-19 12:31:09,38485.51
813,Lesley,Ondrus,londrusmk@acquirethisname.com,Female,160415,1972-05-09 01:41:47,50924.6
814,Claiborne,Harris,charrisml@howstuffworks.com,Male,161921,1936-12-27 12:49:51,89804.31
815,Decca,Nevison,dnevisonmm@mozilla.org,Male,58100,1925-06-19 02:53:38,69189.29
816,Laurette,,lgoodanewmn@google.nl,Female,141092,1975-02-19 22:13:27,21753.54
817,,Tynan,atynanmo@yellowbook.com,Female,51319,1914-04-28 23:55:29,73569.13
818,Peta,Caren,pcarenmp@wix.com,Female,105397,1948-06-19 14:57:59,70207.2
819,Nonah,Tompkiss,ntompkissmq@vistaprint.com,Female,70157,1992-12-14 17:47:12,99046.27
820,Leslie,Lowndsbrough,llowndsbroughmr@vimeo.com,Male,60292,2021-07-03 14:00:18,97152.07
821,,Aronson,paronsonms@ameblo.jp,Male,32589,1940-07-17 06:13:57,30458.12
822,Sansone,Macknish,,Male,53696,1962-10-11 10:25:40,27348.66
823,Brunhilde,Postill,bpostillmu@addtoany.com,Female,16509,1987-07-05 17:05:41,6255.64
824,Hanny,,hfarringtonmv@symantec.com,,116813,2003-05-09 19:25:56,24492.81
825,Allix,Jerzycowski,,Female,2754,1991-10-25 16:07:05,95856.98
826,Jarad,Sharland,jsharlandmx@google.co.uk,Male,160943,1987-06-12 17:41:52,
827,Leicester,Van de Velde,lvandeveldemy@youku.com,Male,120070,1946-12-14 15:07:44,73245.09
828,Allyn,Rosberg,arosbergmz@nature.com,Female,190429,1953-08-25 08:53:19,34801.69
829,Alley,Frise,afrisen0@surveymonkey.com,Male,15284,1916-11-16 15:02:16,18817.24
830,Asher,Dupoy,adupoyn1@kickstarter.com,Male,,1999-07-07 13:34:32,99985.66
831,Fionna,Firks,ffirksn2@umn.edu,Female,,1916-03-28 18:50:10,49042.71
832,Chrissy,Langcastle,clangcastlen3@ucoz.com,Female,172609,1906-03-15 16:25:12,13533.61
833,Rees,Jaffra,rjaffran4@nifty.com,Male,37961,1985-03-27 11:03:22,32293.89
834,Nanon,Gailor,ngailorn5@ibm.com,Female,143013,1960-04-14 21:17:03,48315.86
835,Dorita,Senett,,Female,62273,2009-10-09 16:03:44,30506.97
836,,Bernaciak,gbernaciakn7@ca.gov,Female,,,97323.24
837,Celia,Davidof,cdavidofn8@cnet.com,Female,87043,1916-08-14 02:31:27,53115.53
838,Ev,Filoniere,efilonieren9@nydailynews.com,Male,,1953-10-03 17:17:11,48977.87
,Emanuel,Carillo,ecarillona@nasa.gov,Male,189820,1909-06-17 00:27:17,79173.86
840,Koo,Tyreman,ktyremannb@hc360.com,Female,134706,1970-01-02 14:03:23,2631.17
841,Allix,,apenhaleuracknc@nbcnews.com,Female,143772,1988-12-16 07:35:52,78332.26
842,Raychel,Jouen,rjouennd@technorati.com,,148409,1943-10-31 01:02:50,53273.32
843,Karleen,Goulding,kgouldingne@trellian.com,Female,61671,,21167.19
844,Geri,Simmen,gsimmennf@rakuten.co.jp,Male,112100,1965-11-30 01:35:02,22834.77
845,Zandra,Fielder,,Female,84141,1994-01-09 17:20:00,
846,Brittney,Levington,blevingtonnh@webmd.com,Female,104241,1928-01-12 11:40:37,67829.54
847,Ardenia,Jaffa,ajaffani@mysql.com,Female,27537,2009-10-24 02:13:47,19046.59
848,Luciano,Ludovico,,Male,118118,1949-01-17 11:16:22,61138.33
849,Jennee,Ballingal,jballingalnk@privacy.gov.au,Female,198873,,10658.73
850,Thorpe,Pea,tpeanl@moonfruit.com,Male,95694,,85612.81
851,Nettie,Huerta,nhuertanm@shutterfly.com,Female,54178,1942-04-14 23:41:16,19656.56
852,Martie,Rizzillo,mrizzillonn@stanford.edu,Male,23763,1975-05-14 05:12:48,
853,Tate,Phillp,tphillpno@gmpg.org,Female,99899,1946-10-04 00:02:24,7722.23
854,Brier,Cressingham,,Female,9486,2014-10-27 13:58:05,
855,Robbyn,Comber,rcombernq@google.co.uk,Female,144012,1952-04-11 05:36:29,48373.05
856,Erastus,Dawdry,edawdrynr@meetup.com,Male,31282,1988-07-02 13:32:05,19627.78
857,Millisent,,mmcguinessns@linkedin.com,Female,159278,,78152.84
858,Hobey,Dallewater,hdallewaternt@dmoz.org,Male,32113,1959-06-12 09:13:19,73116.02
859,Erna,Janosevic,ejanosevicnu@hao123.com,Female,133183,,74610.74
860,Gaspar,Proback,gprobacknv@hatena.ne.jp,Male,,1987-05-07 01:47:39,91856.71
861,Carolee,Churcher,cchurchernw@ebay.co.uk,Female,163583,2012-12-16 23:18:25,13207.57
862,Lothaire,Benck,lbencknx@elpais.com,Male,177054,2001-05-28 19:45:04,57511.6
863,Ysabel,Alphonso,,Female,109758,,62679.78
864,Kristian,Salmoni,,Male,166883,1906-07-22 04:27:52,
865,Robina,,rdicteo0@qq.com,Female,80821,1920-09-28 21:22:16,34579.19
866,Karlik,Dodridge,,Male,110230,,48653.43
867,Saunder,Mardee,smardeeo2@gmpg.org,Male,149613,2003-05-07 17:19:14,48006.72
868,Humphrey,Stovell,hstovello3@xinhuanet.com,Male,77295,2002-01-25 22:45:22,35345.58
869,Brandyn,Howen,bhoweno4@ox.ac.uk,Male,23899,,
870,Giacomo,,gwoodroffeo5@mozilla.com,Male,28646,,85475.13
871,Lazar,Ramet,lrameto6@51.la,Male,138070,1972-03-23 11:41:17,
872,Ellswerth,Hawken,ehawkeno7@163.com,Male,,2021-08-05 08:53:37,92676.37
873,Carri,Murcott,cmurcotto8@cdbaby.com,Female,111452,1947-03-24 15:36:04,8286.05
874,Sebastien,Vowden,,Male,154589,1972-05-14 10:29:44,28564.95
,Emalia,Burnyate,eburnyateoa@ft.com,Female,39368,1945-05-09 00:40:59,43914.08
,Gilbertine,Kibbel,gkibbelob@rambler.ru,Female,77224,1958-10-20 17:07:29,36659.04
877,Stewart,,shucksteppoc@buzzfeed.com,Male,131414,1920-04-24 10:10:05,
878,Adiana,Burnall,aburnallod@bluehost.com,Female,25763,1959-11-13 03:09:34,90301.84
879,Christy,,ckannoe@spiegel.de,Male,68192,1949-08-28 23:37:18,47595.09
880,,Doeg,ddoegof@amazon.co.uk,Male,139965,1901-11-09 05:22:11,28878.92
881,Ynes,Halewood,yhalewoodog@oaic.gov.au,Female,112745,1957-03-19 00:53:14,94904.84
882,Grantham,Paz,gpazoh@soup.io,Male,190824,1945-07-25 03:46:14,28636.87
883,Sander,O'Kane,sokaneoi@fc2.com,Male,174867,,7861.66
884,Royal,Cumpton,rcumptonoj@columbia.edu,Male,133920,1913-10-28 03:16:50,51911.06
885,Nan,Drewry,ndrewryok@illinois.edu,Female,23744,1940-03-14 17:10:02,1169.59
886,Trev,Fortune,tfortuneol@vimeo.com,Male,134482,1932-05-11 12:14:03,85487.21
887,Eve,Palatino,epalatinoom@accuweather.com,Female,63014,1979-01-08 16:28:32,14186.18
888,Whittaker,Grinyer,wgrinyeron@foxnews.com,Male,22004,1956-10-30 07:28:01,39607.6
889,Jo ann,Hansemann,,Female,154119,1922-03-03 10:35:17,61496.51
890,Torie,Dunstone,tdunstoneop@photobucket.com,Female,,1991-01-05 11:47:53,7140.82
891,Hollis,Bosquet,hbosquetoq@engadget.com,Male,180594,1967-11-16 12:16:52,
892,Orv,Renne,orenneor@yandex.ru,Male,6990,1983-09-05 09:31:48,
893,Garreth,Ludman,gludmanos@japanpost.jp,Male,149359,2009-12-11 22:53:28,
894,Berne,Buttrick,,Male,114293,1992-09-12 11:04:01,75542.53
895,Gwendolen,Bisatt,gbisattou@rediff.com,Female,,2003-09-30 09:57:45,
896,Nicol,Bruton,nbrutonov@4shared.com,Male,85665,1985-12-19 03:47:06,99581.27
897,Elaine,Ropp,eroppow@latimes.com,Female,121489,1958-04-19 12:06:12,2647.3
898,Sutherland,Arkle,,Male,,,59487.76
899,Leslie,,loakhilloy@sina.com.cn,Male,22018,1989-10-29 09:05:31,62726.42
900,Eilis,Bousfield,,,154593,,16943.9
901,Madelina,Nolleth,,,24092,1967-11-15 13:55:41,12674.81
902,,Merrison,,Female,144285,1907-03-11 14:00:55,29497.47
903,Francisco,,flyttonp2@tripod.com,,66284,1981-02-17 14:47:20,88560.72
904,Serge,Pestricke,spestrickep3@drupal.org,Male,54622,,14241.18
905,Bette-ann,,,Female,,,6153.22
906,Carmella,Chitham,cchithamp5@ucoz.ru,Female,137137,1907-05-22 00:58:33,10597.08
907,Goddard,Lude,gludep6@nps.gov,Male,111600,1959-01-04 01:09:58,77091.64
908,Nikki,Beaumont,nbeaumontp7@about.me,Female,44171,1993-03-22 04:00:25,94927.13
909,Ceciley,Gillebride,cgillebridep8@mapy.cz,Female,104712,,22801.78
910,Pammy,Aspey,paspeyp9@tamu.edu,,110294,1943-05-19 04:49:26,44406.94
911,Ardis,Omond,aomondpa@seattletimes.com,Female,13158,1919-06-21 15:10:40,9328.02
912,Bryce,Cordes,bcordespb@irs.gov,Male,14671,1930-01-13 22:29:14,22679.65
913,Ainsley,McRoberts,amcrobertspc@qq.com,Female,768,2009-12-24 11:27:24,45633.77
914,Roderich,Caulton,rcaultonpd@opensource.org,Male,58268,1912-08-07 08:44:06,6747.72
915,Franni,Chessell,fchessellpe@meetup.com,Female,101905,1973-09-18 10:14:15,99993.16
916,Dianne,Scrivner,dscrivnerpf@usgs.gov,Female,,2001-10-10 20:50:30,63885.47
917,Bary,Beartup,bbeartuppg@mail.ru,Male,28083,1968-01-25 18:27:34,63343.48
918,Hanan,Carberry,hcarberryph@sohu.com,Male,,2010-05-19 16:56:35,78151.74
919,Eugine,Francesc,efrancescpi@webmd.com,Female,119685,1926-06-03 02:09:33,83156.26
920,Angeli,Heber,aheberpj@imageshack.us,Male,14545,2017-04-26 08:47:32,45472.15
921,Alisun,Beautyman,abeautymanpk@about.com,Female,129023,,93847.6
922,Mikkel,MacCombe,mmaccombepl@smugmug.com,Male,77814,1945-05-02 23:52:02,
923,Thurston,Swinbourne,tswinbournepm@wikia.com,Male,,,
924,Laurel,,lkeatspn@nhs.uk,Female,178179,,8450.88
925,Vinson,Hamilton,vhamiltonpo@gizmodo.com,Male,181983,1921-10-10 23:09:47,88777.73
926,,Kamena,tkamenapp@phoca.cz,Male,165351,1988-05-03 17:44:35,
927,Gardy,Itzig,gitzigpq@mlb.com,Male,54336,2008-02-29 21:09:33,81851.97
928,Olia,Jehu,ojehupr@alexa.com,Female,161054,1906-04-11 09:04:09,85329.26
929,Augusta,Clemonts,aclemontsps@nih.gov,Female,,1931-07-27 20:04:23,63969.32
930,Barbee,MacRorie,bmacroriept@1688.com,Female,141809,1999-02-03 10:45:00,60939.92
931,Isabelita,Hummerston,,Female,76710,1941-03-03 03:38:04,11517.71
932,Chev,Comusso,ccomussopv@senate.gov,Male,66312,1996-05-21 23:53:30,72780.42
933,Vachel,Chestle,vchestlepw@bizjournals.com,Male,129399,1989-06-02 01:24:15,46209.57
934,Blithe,Fulop,bfuloppx@xrea.com,Female,,2012-03-14 20:36:42,34630.85
935,Brenda,Gilfillan,bgilfillanpy@mapquest.com,Female,78155,1903-12-25 12:00:58,66615.16
936,Jarrid,,jfairhurstpz@whitehouse.gov,,165734,2013-12-21 04:48:42,32849.16
937,Lorrie,Howlett,lhowlettq0@theguardian.com,Male,151969,1997-01-05 16:13:32,
938,Nikolia,Barzen,,Female,169644,1919-03-30 13:23:43,48198.91
939,Aimil,Ferres,aferresq2@gov.uk,Female,159379,1954-03-10 21:08:51,9516.36
940,Deina,,ddielhennq3@sphinn.com,Female,154312,2022-04-17 20:37:04,62644.11
941,Sigfrid,Marlin,smarlinq4@loc.gov,Male,79026,,44719.77
,Marlowe,Tomkies,mtomkiesq5@instagram.com,Male,109760,2019-11-02 09:02:12,60742.46
943,Cleon,Lendrem,clendremq6@joomla.org,Male,93369,1990-11-18 05:52:55,
944,Shirlene,Butland,sbutlandq7@shareasale.com,Female,197049,1953-03-23 09:47:28,92407.0
945,Freda,Hogbourne,fhogbourneq8@independent.co.uk,Female,161351,1972-04-07 06:24:27,1090.61
946,Denny,Devil,ddevilq9@indiatimes.com,Female,156470,1932-03-18 00:03:58,
947,Minda,Dikes,mdikesqa@mac.com,Female,152847,1911-01-03 23:55:27,84491.69
948,Daffy,Pearle,dpearleqb@furl.net,Female,83137,1903-07-04 06:38:37,39594.17
949,Auberta,Blaylock,ablaylockqc@webmd.com,Female,111904,2012-08-28 02:15:52,73160.28
950,,Milsap,imilsapqd@java.com,Female,71748,1965-11-23 08:54:12,80011.82
951,Aldrich,Chasemore,achasemoreqe@whitehouse.gov,,,1965-09-18 13:30:42,71759.25
952,Vassily,Baton,vbatonqf@desdev.cn,Male,173976,2008-09-03 19:56:09,64366.65
953,Adolf,Clandillon,aclandillonqg@about.com,Male,119398,1927-03-21 06:55:11,16678.04
954,Bren,Dowley,bdowleyqh@de.vu,Male,31999,1993-03-17 21:00:09,
955,Gaynor,Ferrer,gferrerqi@about.com,Female,165562,1976-12-27 09:14:00,20054.16
956,Francine,Orrock,forrockqj@google.com.au,Female,91526,1955-04-14 02:12:29,69850.24
957,Shandy,Roscow,sroscowqk@xinhuanet.com,Female,33759,2000-04-16 20:28:06,82789.29
958,Rosalinda,Thoresbie,rthoresbieql@jalbum.net,Female,14151,1908-05-15 17:15:17,
959,Gilberto,,gbehnekeqm@amazon.com,Male,112710,1937-02-25 09:29:47,80516.78
960,Albertine,Leal,alealqn@vistaprint.com,Female,49647,2019-07-20 20:00:15,23808.49
961,Dewey,,dhousecraftqo@wikimedia.org,Male,12287,1950-01-24 10:29:02,55367.24
962,Averill,Pescott,apescottqp@senate.gov,Male,72472,1921-05-30 09:03:44,1439.82
963,Sosanna,Keynes,skeynesqq@scribd.com,Female,105708,1937-01-07 03:01:07,12251.5
,Andie,Jeannesson,ajeannessonqr@mysql.com,Male,113723,1947-05-21 16:43:23,91579.25
965,Darlleen,Shildrake,dshildrakeqs@ow.ly,Female,7563,2010-09-01 16:30:38,38870.1
966,Julio,Fradgley,jfradgleyqt@pen.io,Male,34494,1914-08-03 23:37:49,
967,Kim,Brood,kbroodqu@creativecommons.org,Male,82916,1942-03-30 00:45:30,19613.5
968,Sharleen,Kennler,skennlerqv@dell.com,Female,191317,,35221.92
969,Berny,Stoke,bstokeqw@dropbox.com,Male,,2013-03-03 15:06:15,60734.16
970,Leeland,Whorton,lwhortonqx@skype.com,Male,55385,,84281.46
971,Kai,Mc Faul,,Female,103300,2012-08-06 06:58:47,98007.7
972,Chauncey,Nestor,cnestorqz@istockphoto.com,,129165,1951-08-12 09:43:39,33635.49
973,Timotheus,Ewings,tewingsr0@columbia.edu,Male,159629,1969-12-22 10:13:23,77139.14
974,Adelaide,Gerardin,agerardinr1@bandcamp.com,Female,131672,1918-08-21 11:26:04,37403.86
975,Karim,Kirley,kkirleyr2@phpbb.com,Male,117756,1931-04-16 06:41:00,81590.11
976,Alfonso,Hanbridge,ahanbridger3@webs.com,Male,199846,2023-03-22 00:49:36,6248.58
977,Marv,Bromley,mbromleyr4@washington.edu,Male,,1930-03-22 22:40:00,63336.02
978,Ines,Greiser,,Female,73642,2014-07-14 20:30:53,36624.77
979,,Rosenbarg,brosenbargr6@census.gov,Male,112742,1907-07-04 09:28:24,46528.02
980,Gun,Bicksteth,gbickstethr7@admin.ch,Male,98446,2009-04-11 02:05:34,1120.95
981,Perl,Beche,pbecher8@aboutads.info,Female,84845,1966-03-14 23:47:59,51819.11
982,Saba,Chilton,schiltonr9@devhub.com,Female,129928,,24955.69
983,Mariana,Artist,martistra@networksolutions.com,Female,6016,2009-10-24 01:13:27,78682.42
984,Ronald,,rdavisrb@buzzfeed.com,Male,192857,1954-08-02 17:04:42,
985,,Smitton,csmittonrc@mit.edu,Female,67419,2012-07-03 15:11:55,1789.97
986,Porter,Grugerr,pgrugerrrd@zimbio.com,Male,45360,1923-05-28 22:58:20,43252.51
987,Nikolia,Wein,nweinre@slideshare.net,Female,148429,2009-12-06 20:27:14,75265.72
988,Damiano,Goede,dgoederf@g.co,Male,108146,1941-04-15 04:23:22,27943.05
989,Gretel,Adamek,gadamekrg@skyrock.com,Female,80688,1909-06-20 23:25:01,22528.88
990,Zebulen,Fagence,zfagencerh@whitehouse.gov,Male,89405,1979-05-08 10:04:37,92409.7
991,Wendeline,Scales,wscalesri@sina.com.cn,Female,135500,1966-10-04 22:44:27,19846.75
992,Raymund,Maultby,rmaultbyrj@google.com.hk,Male,38924,1953-09-27 00:41:57,
993,Corbin,Breed,cbreedrk@google.co.uk,Male,45431,1902-07-04 06:42:06,
994,Fayth,Danelet,fdaneletrl@vkontakte.ru,Female,111915,1920-04-30 00:42:25,54888.63
995,Carter,Janos,cjanosrm@mediafire.com,Male,145539,1902-11-07 00:25:23,
996,Cos,Stokey,cstokeyrn@jigsy.com,Male,,1948-02-21 12:22:36,91024.77
997,Whittaker,Trousdale,wtrousdalero@phoca.cz,Male,120828,1960-01-15 21:39:11,
998,Ronnie,Boller,,Male,127849,2006-06-23 04:17:52,5520.47
999,Dwight,Kepp,dkepprq@icq.com,Male,175765,1977-11-09 16:21:12,56086.48
1000,,Bruhnke,nbruhnkerr@psu.edu,Male,197088,2010-12-21 11:32:37,
